Puma ID,Puma Sex,Puma Age,Prey Species,Sex of Prey,Age Class of Prey,Prey Class,Latitude,Longitude,Season ,Puma Classification 
ARF03,Female,5,American crow (Corvus brachyrhynchos),Unidentified,Adult,Avian,33.54231,-106.97257,HD,Upland
ARF03,Female,5,American crow (Corvus brachyrhynchos),Unidentified,Adult,Avian,33.54231,-106.97257,HD,Upland
ARF03,Female,5,American crow (Corvus brachyrhynchos),Unidentified,Adult,Avian,33.64886,-106.871,HD,Upland
ARF02,Female,2,Avian Species (not waterfowl),Unidentified,Unidentified,Avian,33.31853,-107.16989,CD,Riparian
ARF02,Female,2,Avian Species (not waterfowl),Unidentified,Unidentified,Avian,33.31811,-107.16979,CD,Riparian
ARF01,Female,5,Avian Species (not waterfowl),Unidentified,Unidentified,Avian,33.55742,-107.07834,CD,Riparian
ARF05,Female,1,Avian Species (not waterfowl),Unidentified,Unidentified,Avian,33.58002,-107.06578,CD,Riparian
ARM05,Male,1,Avian Species (not waterfowl),Unidentified,Unidentified,Avian,33.62005,-107.01039,CD,Riparian
ARF05,Female,1,Avian Species (not waterfowl),Unidentified,Unidentified,Avian,33.64903,-106.99788,CD,Riparian
ARM05,Male,1,Avian Species (not waterfowl),Unidentified,Unidentified,Avian,33.74123,-106.90568,HW,Riparian
ARM05,Male,1,Avian Species (not waterfowl),Unidentified,Unidentified,Avian,33.9546,-106.84775,HD,Riparian
ARM07,Male,5,Badger (Taxidea taxus),Unidentified,Adult,Small Mammal,33.42503,-107.12826,CD,Riparian
ARM07,Male,5,Badger (Taxidea taxus),Unidentified,Adult,Small Mammal,33.42504,-107.12826,CD,Riparian
ARM06,Male,6,Badger (Taxidea taxus),Male,Adult,Small Mammal,33.35885,-107.12226,CD,Upland
ARM01,Male,6,Badger (Taxidea taxus),Unidentified,Mature,Small Mammal,33.45367,-107.08548,HW,Mixed
ARM01,Male,6,Badger (Taxidea taxus),Unidentified,Mature,Small Mammal,33.46693,-107.08276,HW,Mixed
ARM06,Male,5,Badger (Taxidea taxus),Unidentified,Unidentified,Small Mammal,33.23167,-107.11619,CD,Upland
ARM09,Male,8,Badger (Taxidea taxus),Unidentified,Unidentified,Small Mammal,33.43499,-106.54388,HW,Upland
SEVM01,Male,5,Beaver (Castor canadensis),Unidentified,Adult,Aquatic,34.14044,-106.88,CD,Mixed
SEVM01,Male,5,Beaver (Castor canadensis),Unidentified,Adult,Aquatic,34.38313,-106.83308,CD,Mixed
ARM07,Male,4,Beaver (Castor canadensis),Unidentified,Adult,Aquatic,33.36346,-107.1753,CD,Riparian
ARM07,Male,5,Beaver (Castor canadensis),Unidentified,Adult,Aquatic,33.32386,-107.16888,CD,Riparian
ARM07,Male,5,Beaver (Castor canadensis),Unidentified,Adult,Aquatic,33.31874,-107.16855,CD,Riparian
ARF01,Female,5,Beaver (Castor canadensis),Unidentified,Adult,Aquatic,33.40464,-107.16479,HW,Riparian
ARF01,Female,5,Beaver (Castor canadensis),Unidentified,Adult,Aquatic,33.46276,-107.15894,HW,Riparian
ARF01,Female,6,Beaver (Castor canadensis),Unidentified,Adult,Aquatic,33.51463,-107.11518,CD,Riparian
ARM05,Male,1,Beaver (Castor canadensis),Unidentified,Adult,Aquatic,33.54628,-107.10072,HW,Riparian
ARF05,Female,2,Beaver (Castor canadensis),Unidentified,Adult,Aquatic,33.52842,-107.0978,CD,Riparian
ARF01,Female,4,Beaver (Castor canadensis),Unidentified,Adult,Aquatic,33.5718,-107.08183,CD,Riparian
ARF01,Female,4,Beaver (Castor canadensis),Unidentified,Adult,Aquatic,33.5495,-107.07918,HW,Riparian
ARF01,Female,4,Beaver (Castor canadensis),Unidentified,Adult,Aquatic,33.5903,-107.05914,HD,Riparian
ARF01,Female,4,Beaver (Castor canadensis),Unidentified,Adult,Aquatic,33.58796,-107.05045,CD,Riparian
ARF01,Female,6,Beaver (Castor canadensis),Unidentified,Adult,Aquatic,33.59093,-107.04559,CD,Riparian
ARF01,Female,5,Beaver (Castor canadensis),Unidentified,Adult,Aquatic,33.60971,-107.0408,CD,Riparian
ARF01,Female,4,Beaver (Castor canadensis),Unidentified,Adult,Aquatic,33.60593,-107.02452,CD,Riparian
ARF01,Female,5,Beaver (Castor canadensis),Unidentified,Adult,Aquatic,33.61843,-107.0162,CD,Riparian
ARF01,Female,4,Beaver (Castor canadensis),Unidentified,Adult,Aquatic,33.61858,-107.0078,HW,Riparian
ARF01,Female,4,Beaver (Castor canadensis),Unidentified,Adult,Aquatic,33.63045,-107.0048,CD,Riparian
ARM07,Male,5,Beaver (Castor canadensis),Unidentified,Adult,Aquatic,33.62536,-107.00319,HD,Riparian
ARF05,Female,1,Beaver (Castor canadensis),Unidentified,Adult,Aquatic,33.67928,-106.99979,HW,Riparian
ARM07,Male,6,Beaver (Castor canadensis),Unidentified,Adult,Aquatic,33.66227,-106.99759,CD,Riparian
ARM07,Male,5,Beaver (Castor canadensis),Unidentified,Adult,Aquatic,33.63171,-106.99435,HW,Riparian
ARM07,Male,5,Beaver (Castor canadensis),Unidentified,Adult,Aquatic,33.63169,-106.99433,HW,Riparian
ARF05,Female,1,Beaver (Castor canadensis),Unidentified,Adult,Aquatic,33.68905,-106.99107,CD,Riparian
ARM07,Male,4,Beaver (Castor canadensis),Unidentified,Adult,Aquatic,33.69407,-106.98194,CD,Riparian
ARM07,Male,5,Beaver (Castor canadensis),Unidentified,Adult,Aquatic,33.71628,-106.91981,HD,Riparian
ARM07,Male,5,Beaver (Castor canadensis),Unidentified,Adult,Aquatic,33.75141,-106.91743,HW,Riparian
ARF01,Female,5,Beaver (Castor canadensis),Unidentified,Adult,Aquatic,33.71876,-106.91651,CD,Riparian
ARF05,Female,2,Beaver (Castor canadensis),Unidentified,Adult,Aquatic,33.7355,-106.90776,CD,Riparian
ARF01,Female,4,Beaver (Castor canadensis),Unidentified,Adult,Aquatic,33.73251,-106.90737,HD,Riparian
ARM07,Male,5,Beaver (Castor canadensis),Unidentified,Adult,Aquatic,33.80419,-106.88826,HW,Riparian
SEVF02,Female,3,Beaver (Castor canadensis),Unidentified,Adult,Aquatic,34.19308,-106.88709,HW,Riparian
ARM07,Male,6,Beaver (Castor canadensis),Unidentified,Adult,Aquatic,33.77822,-106.88609,CD,Riparian
ARM07,Male,6,Beaver (Castor canadensis),Unidentified,Adult,Aquatic,33.75587,-106.88386,CD,Riparian
ARM07,Male,6,Beaver (Castor canadensis),Unidentified,Adult,Aquatic,33.75595,-106.88384,CD,Riparian
SEVF02,Female,3,Beaver (Castor canadensis),Unidentified,Adult,Aquatic,34.17294,-106.88327,HW,Riparian
ARF05,Female,2,Beaver (Castor canadensis),Unidentified,Adult,Aquatic,33.76447,-106.88187,CD,Riparian
ARM07,Male,6,Beaver (Castor canadensis),Unidentified,Adult,Aquatic,33.77593,-106.87258,HD,Riparian
ARM07,Male,6,Beaver (Castor canadensis),Unidentified,Adult,Aquatic,33.79684,-106.86792,CD,Riparian
ARM07,Male,6,Beaver (Castor canadensis),Unidentified,Adult,Aquatic,33.81058,-106.85683,HD,Riparian
ARM07,Male,5,Beaver (Castor canadensis),Unidentified,Adult,Aquatic,33.83625,-106.84922,HW,Riparian
ARM06,Male,6,Beaver (Castor canadensis),Male,Adult,Aquatic,33.45857,-107.15434,CD,Upland
ARF01,Female,4,Beaver (Castor canadensis),Unidentified,Mature,Aquatic,33.38856,-107.16357,HW,Riparian
ARF05,Female,2,Beaver (Castor canadensis),Male,Mature,Aquatic,33.56274,-107.07518,CD,Riparian
ARM07,Male,5,Beaver (Castor canadensis),Unidentified,Sub-adult,Aquatic,33.47498,-107.13843,CD,Riparian
SEVF02,Female,3,Beaver (Castor canadensis),Unidentified,Sub-adult,Aquatic,33.86461,-106.85088,HW,Riparian
ARM07,Male,6,Beaver (Castor canadensis),Unidentified,Unidentified,Aquatic,33.37005,-107.17405,HD,Riparian
ARF01,Female,5,Beaver (Castor canadensis),Unidentified,Unidentified,Aquatic,33.438,-107.15855,HW,Riparian
ARM07,Male,6,Beaver (Castor canadensis),Unidentified,Unidentified,Aquatic,33.474,-107.13876,CD,Riparian
ARM07,Male,5,Beaver (Castor canadensis),Unidentified,Unidentified,Aquatic,33.48445,-107.11936,CD,Riparian
ARM05,Male,1,Beaver (Castor canadensis),Unidentified,Unidentified,Aquatic,33.54462,-107.07761,CD,Riparian
ARM05,Male,1,Beaver (Castor canadensis),Unidentified,Unidentified,Aquatic,33.5882,-107.05737,HD,Riparian
ARM05,Male,1,Beaver (Castor canadensis),Unidentified,Unidentified,Aquatic,33.58892,-107.05556,HD,Riparian
ARF05,Female,1,Beaver (Castor canadensis),Unidentified,Unidentified,Aquatic,33.59192,-107.05087,HW,Riparian
ARM05,Male,1,Beaver (Castor canadensis),Unidentified,Unidentified,Aquatic,33.62235,-107.01012,HW,Riparian
ARM05,Male,1,Beaver (Castor canadensis),Unidentified,Unidentified,Aquatic,33.62235,-107.01012,HW,Riparian
ARM07,Male,6,Beaver (Castor canadensis),Unidentified,Unidentified,Aquatic,33.63759,-107.00385,CD,Riparian
ARM07,Male,6,Beaver (Castor canadensis),Unidentified,Unidentified,Aquatic,33.6852,-106.98582,CD,Riparian
ARF05,Female,1,Beaver (Castor canadensis),Unidentified,Unidentified,Aquatic,33.68424,-106.95575,HW,Riparian
SEVF02,Female,3,Beaver (Castor canadensis),Unidentified,Unidentified,Aquatic,34.16866,-106.88634,HD,Riparian
SEVF02,Female,3,Beaver (Castor canadensis),Unidentified,Unidentified,Aquatic,34.16866,-106.88634,HD,Riparian
SEVF02,Female,3,Beaver (Castor canadensis),Unidentified,Unidentified,Aquatic,34.16866,-106.88634,HD,Riparian
ARM05,Male,1,Beaver (Castor canadensis),Unidentified,Unidentified,Aquatic,34.15803,-106.88538,HD,Riparian
SEVF02,Female,3,Beaver (Castor canadensis),Unidentified,Unidentified,Aquatic,34.10388,-106.88074,HW,Riparian
ARM05,Male,1,Beaver (Castor canadensis),Unidentified,Unidentified,Aquatic,33.80748,-106.87633,CD,Riparian
SEVF02,Female,3,Beaver (Castor canadensis),Unidentified,Unidentified,Aquatic,34.05841,-106.87525,HW,Riparian
ARM07,Male,6,Beaver (Castor canadensis),Unidentified,Unidentified,Aquatic,33.83506,-106.85085,HD,Riparian
ARM06,Male,6,Beaver (Castor canadensis),Unidentified,Unidentified,Aquatic,33.36438,-107.17486,CD,Upland
ARM01,Male,6,Bighorn Sheep (Ovis canadensis),Male,Adult,Ungulate,33.39282,-107.11209,HW,Mixed
ARM01,Male,6,Bighorn Sheep (Ovis canadensis),Male,Adult,Ungulate,33.47245,-107.11054,HW,Mixed
ARM01,Male,6,Bighorn Sheep (Ovis canadensis),Male,Adult,Ungulate,33.43058,-107.109,HD,Mixed
ARM01,Male,6,Bighorn Sheep (Ovis canadensis),Male,Adult,Ungulate,33.39283,-107.0778,HW,Mixed
ARM06,Male,6,Bighorn Sheep (Ovis canadensis),Male,Adult,Ungulate,33.41702,-107.11407,CD,Upland
LM7,Male,4,Bighorn Sheep (Ovis canadensis),Male,Adult,Ungulate,33.469967,-107.11185,CD,Upland
LM7,Male,4,Bighorn Sheep (Ovis canadensis),Female,Adult,Ungulate,33.39799,-107.0857,CD,Upland
SEVF04,Female,6,Bighorn Sheep (Ovis canadensis),Male,Adult,Ungulate,34.39803,-106.53182,CD,Upland
ARM05,Male,2,Bighorn Sheep (Ovis canadensis),Unidentified,"Lamb, Fawn, Calf, Neonate, Juvenile",Ungulate,33.41764,-107.12027,CD,Riparian
ARM05,Male,2,Bighorn Sheep (Ovis canadensis),Unidentified,"Lamb, Fawn, Calf, Neonate, Juvenile",Ungulate,33.4175,-107.11875,CD,Riparian
ARM07,Male,5,Bighorn Sheep (Ovis canadensis),Unidentified,"Lamb, Fawn, Calf, Neonate, Juvenile",Ungulate,33.42444,-107.11829,CD,Riparian
ARM05,Male,2,Bighorn Sheep (Ovis canadensis),Unidentified,"Lamb, Fawn, Calf, Neonate, Juvenile",Ungulate,33.43098,-107.11749,CD,Riparian
ARM05,Male,2,Bighorn Sheep (Ovis canadensis),Unidentified,"Lamb, Fawn, Calf, Neonate, Juvenile",Ungulate,33.44072,-107.11371,CD,Riparian
ARM05,Male,2,Bighorn Sheep (Ovis canadensis),Unidentified,"Lamb, Fawn, Calf, Neonate, Juvenile",Ungulate,33.3807,-107.10955,CD,Riparian
ARM05,Male,2,Bighorn Sheep (Ovis canadensis),Unidentified,"Lamb, Fawn, Calf, Neonate, Juvenile",Ungulate,33.37712,-107.1091,CD,Riparian
ARM10,Male,5,Bighorn Sheep (Ovis canadensis),Female,Mature,Ungulate,33.39065,-107.10789,HW,Mixed
ARM01,Male,6,Bighorn Sheep (Ovis canadensis),Male,Mature,Ungulate,33.4445,-107.09878,HW,Mixed
ARM05,Male,2,Bighorn Sheep (Ovis canadensis),Female,Mature,Ungulate,33.47219,-107.10894,CD,Riparian
LM7,Male,5,Bighorn Sheep (Ovis canadensis),Male,Mature,Ungulate,32.979003,-107.227336,CD,Upland
LM7,Male,5,Bighorn Sheep (Ovis canadensis),Male,Mature,Ungulate,32.906874,-107.19929,CD,Upland
LM7,Male,5,Bighorn Sheep (Ovis canadensis),Male,Mature,Ungulate,33.416795,-107.107494,CD,Upland
ARM10,Male,5,Bighorn Sheep (Ovis canadensis),Female,Sub-adult,Ungulate,33.46899,-107.10585,HW,Mixed
ARM10,Male,5,Bighorn Sheep (Ovis canadensis),Female,Sub-adult,Ungulate,33.46799,-107.10288,HW,Mixed
ARM05,Male,2,Bighorn Sheep (Ovis canadensis),Male,Sub-adult,Ungulate,33.39387,-107.11944,CD,Riparian
ARM06,Male,6,Bighorn Sheep (Ovis canadensis),Unidentified,Sub-adult,Ungulate,33.4043,-107.11731,CD,Upland
ARM06,Male,5,Bighorn Sheep (Ovis canadensis),Unidentified,Unidentified,Ungulate,33.44363,-107.1034,CD,Upland
ARM07,Male,4,Bighorn Sheep (Ovis canadensis),Unidentified,Yearling,Ungulate,33.3713,-107.11781,CD,Riparian
ARF01,Female,6,Bobcat (Lynx rufus),Unidentified,Adult,Small Mammal,33.62547,-107.0071,CD,Riparian
ARM09,Male,8,Bobcat (Lynx rufus),Unidentified,Adult,Small Mammal,33.50252,-106.79966,HD,Upland
ARM05,Male,1,Bobcat (Lynx rufus),Unidentified,Unidentified,Small Mammal,33.61421,-107.02074,HW,Riparian
SEVF03,Female,4,Bobcat (Lynx rufus),Unidentified,Unidentified,Small Mammal,34.30327,-106.70277,HD,Upland
SEVF03,Female,4,Bobcat (Lynx rufus),Unidentified,Unidentified,Small Mammal,34.2965,-106.68893,HD,Upland
ARF01,Female,4,Carp (Cyprinus carpio),Unidentified,Adult,Aquatic,33.41765,-107.17201,HW,Riparian
ARM07,Male,5,Carp (Cyprinus carpio),Unidentified,Adult,Aquatic,33.55084,-107.07777,HD,Riparian
ARM07,Male,5,Carp (Cyprinus carpio),Unidentified,Adult,Aquatic,33.68465,-106.95118,HD,Riparian
ARM07,Male,5,Carp (Cyprinus carpio),Unidentified,Adult,Aquatic,33.702,-106.93487,HD,Riparian
ARM07,Male,5,Carp (Cyprinus carpio),Unidentified,Sub-adult,Aquatic,33.75421,-106.88484,HW,Riparian
ARM04,Male,4,Carp (Cyprinus carpio),Unidentified,Unidentified,Aquatic,33.27799,-107.1745,CD,Mixed
ARM04,Male,4,Carp (Cyprinus carpio),Unidentified,Unidentified,Aquatic,33.27799,-107.1745,CD,Mixed
ARM04,Male,4,Carp (Cyprinus carpio),Unidentified,Unidentified,Aquatic,33.27799,-107.1745,CD,Mixed
ARM04,Male,4,Carp (Cyprinus carpio),Unidentified,Unidentified,Aquatic,33.27799,-107.1745,CD,Mixed
ARF01,Female,5,Carp (Cyprinus carpio),Unidentified,Unidentified,Aquatic,33.3157,-107.17123,HW,Riparian
ARF01,Female,4,Carp (Cyprinus carpio),Unidentified,Unidentified,Aquatic,33.40999,-107.16685,HD,Riparian
ARF02,Female,2,Carp (Cyprinus carpio),Unidentified,Unidentified,Aquatic,33.46282,-107.15924,HW,Riparian
ARF02,Female,2,Carp (Cyprinus carpio),Unidentified,Unidentified,Aquatic,33.43673,-107.15835,HW,Riparian
ARF02,Female,2,Carp (Cyprinus carpio),Unidentified,Unidentified,Aquatic,33.43673,-107.15835,HW,Riparian
ARF02,Female,2,Carp (Cyprinus carpio),Unidentified,Unidentified,Aquatic,33.44025,-107.15632,HW,Riparian
ARF02,Female,2,Carp (Cyprinus carpio),Unidentified,Unidentified,Aquatic,33.439,-107.15504,HW,Riparian
ARF02,Female,2,Carp (Cyprinus carpio),Unidentified,Unidentified,Aquatic,33.439,-107.15504,HW,Riparian
ARF02,Female,2,Carp (Cyprinus carpio),Unidentified,Unidentified,Aquatic,33.43933,-107.15479,HW,Riparian
ARF02,Female,2,Carp (Cyprinus carpio),Unidentified,Unidentified,Aquatic,33.43983,-107.15426,HW,Riparian
ARF02,Female,2,Carp (Cyprinus carpio),Unidentified,Unidentified,Aquatic,33.43983,-107.15426,HW,Riparian
ARF02,Female,2,Carp (Cyprinus carpio),Unidentified,Unidentified,Aquatic,33.44001,-107.15395,HW,Riparian
ARF02,Female,2,Carp (Cyprinus carpio),Unidentified,Unidentified,Aquatic,33.48438,-107.12475,HW,Riparian
ARF02,Female,2,Carp (Cyprinus carpio),Unidentified,Unidentified,Aquatic,33.48433,-107.12468,HW,Riparian
ARF02,Female,2,Carp (Cyprinus carpio),Unidentified,Unidentified,Aquatic,33.48415,-107.12412,HW,Riparian
ARF02,Female,2,Carp (Cyprinus carpio),Unidentified,Unidentified,Aquatic,33.48415,-107.12412,HW,Riparian
ARF02,Female,2,Carp (Cyprinus carpio),Unidentified,Unidentified,Aquatic,33.48374,-107.12389,HW,Riparian
ARF01,Female,4,Carp (Cyprinus carpio),Unidentified,Unidentified,Aquatic,33.57941,-107.06302,HD,Riparian
ARM05,Male,1,Carp (Cyprinus carpio),Unidentified,Unidentified,Aquatic,33.58807,-107.05811,CD,Riparian
ARF01,Female,4,Carp (Cyprinus carpio),Unidentified,Unidentified,Aquatic,33.5971,-107.03866,HD,Riparian
ARF01,Female,4,Carp (Cyprinus carpio),Unidentified,Unidentified,Aquatic,33.59683,-107.03582,HD,Riparian
ARF01,Female,4,Carp (Cyprinus carpio),Unidentified,Unidentified,Aquatic,33.6024,-107.02217,CD,Riparian
ARF01,Female,4,Carp (Cyprinus carpio),Unidentified,Unidentified,Aquatic,33.6024,-107.02217,CD,Riparian
ARF01,Female,4,Carp (Cyprinus carpio),Unidentified,Unidentified,Aquatic,33.6024,-107.02217,CD,Riparian
ARF01,Female,4,Carp (Cyprinus carpio),Unidentified,Unidentified,Aquatic,33.6024,-107.02217,CD,Riparian
ARF01,Female,4,Carp (Cyprinus carpio),Unidentified,Unidentified,Aquatic,33.60299,-107.02204,HD,Riparian
ARF01,Female,4,Carp (Cyprinus carpio),Unidentified,Unidentified,Aquatic,33.60299,-107.02204,HD,Riparian
ARF01,Female,4,Carp (Cyprinus carpio),Unidentified,Unidentified,Aquatic,33.60299,-107.02204,HD,Riparian
ARF01,Female,4,Carp (Cyprinus carpio),Unidentified,Unidentified,Aquatic,33.60299,-107.02204,HD,Riparian
ARF01,Female,4,Carp (Cyprinus carpio),Unidentified,Unidentified,Aquatic,33.60443,-107.01951,HD,Riparian
ARF01,Female,4,Carp (Cyprinus carpio),Unidentified,Unidentified,Aquatic,33.6051,-107.01936,HD,Riparian
ARF01,Female,4,Carp (Cyprinus carpio),Unidentified,Unidentified,Aquatic,33.70435,-106.93262,HD,Riparian
ARM05,Male,1,Carp (Cyprinus carpio),Unidentified,Unidentified,Aquatic,33.80761,-106.87646,HD,Riparian
ARM05,Male,1,Carp (Cyprinus carpio),Unidentified,Unidentified,Aquatic,34.04587,-106.86305,HD,Riparian
ARM05,Male,1,Carp (Cyprinus carpio),Unidentified,Unidentified,Aquatic,33.94502,-106.84901,HD,Riparian
ARM05,Male,1,Carp (Cyprinus carpio),Unidentified,Unidentified,Aquatic,33.94502,-106.84901,HD,Riparian
ARF01,Female,4,Carp (Cyprinus carpio),Unidentified,Unidentified,Aquatic,33.83069,-106.84854,HD,Riparian
ARF01,Female,4,Carp (Cyprinus carpio),Unidentified,Unidentified,Aquatic,33.83069,-106.84854,HD,Riparian
ARF01,Female,4,Carp (Cyprinus carpio),Unidentified,Unidentified,Aquatic,33.82311,-106.84815,HD,Riparian
ARM05,Male,1,Carp (Cyprinus carpio),Unidentified,Unidentified,Aquatic,33.94542,-106.84697,HD,Riparian
ARF01,Female,4,Catfish,Unidentified,Adult,Aquatic,33.59026,-107.04656,HW,Riparian
ARF03,Female,5,Cattle (Bos taurus),Unidentified,"Lamb, Fawn, Calf, Neonate, Juvenile",Ungulate,33.60919,-106.83954,HD,Upland
ARF03,Female,5,Cattle (Bos taurus),Unidentified,"Lamb, Fawn, Calf, Neonate, Juvenile",Ungulate,33.59096,-106.83187,CD,Upland
ARM09,Male,9,Cattle (Bos taurus),Unidentified,"Lamb, Fawn, Calf, Neonate, Juvenile",Ungulate,33.49147,-107.12356,CD,Upland
ARM06,Male,6,Cattle (Bos taurus),Unidentified,"Lamb, Fawn, Calf, Neonate, Juvenile",Ungulate,33.50514,-107.11001,CD,Upland
ARF05,Female,2,Cattle (Bos taurus),Unidentified,Sub-adult,Ungulate,33.68061,-107.00318,CD,Riparian
ARM07,Male,5,Collared peccary (Peccary tajacu),Unidentified,Adult,Ungulate,33.33317,-107.19785,CD,Riparian
ARM07,Male,6,Collared peccary (Peccary tajacu),Unidentified,Adult,Ungulate,33.34611,-107.19037,CD,Riparian
ARM07,Male,5,Collared peccary (Peccary tajacu),Unidentified,Adult,Ungulate,33.4147,-107.17406,CD,Riparian
ARM07,Male,5,Collared peccary (Peccary tajacu),Unidentified,Adult,Ungulate,33.41508,-107.17332,CD,Riparian
ARM07,Male,5,Collared peccary (Peccary tajacu),Unidentified,Adult,Ungulate,33.47921,-107.12943,CD,Riparian
ARM07,Male,5,Collared peccary (Peccary tajacu),Unidentified,Adult,Ungulate,33.49526,-107.12608,CD,Riparian
ARM07,Male,5,Collared peccary (Peccary tajacu),Unidentified,Adult,Ungulate,33.49842,-107.12319,HD,Riparian
ARM07,Male,5,Collared peccary (Peccary tajacu),Unidentified,Adult,Ungulate,33.52409,-107.10924,CD,Riparian
ARM07,Male,5,Collared peccary (Peccary tajacu),Unidentified,Adult,Ungulate,33.52411,-107.10923,CD,Riparian
ARM07,Male,5,Collared peccary (Peccary tajacu),Unidentified,Adult,Ungulate,33.55142,-107.08331,HW,Riparian
ARM07,Male,6,Collared peccary (Peccary tajacu),Unidentified,Adult,Ungulate,33.57753,-107.08241,CD,Riparian
ARM07,Male,5,Collared peccary (Peccary tajacu),Unidentified,Adult,Ungulate,33.56663,-107.0727,CD,Riparian
ARM07,Male,5,Collared peccary (Peccary tajacu),Unidentified,Adult,Ungulate,33.59657,-107.04128,HD,Riparian
ARM07,Male,5,Collared peccary (Peccary tajacu),Unidentified,Adult,Ungulate,33.75752,-106.90844,HW,Riparian
ARM07,Male,6,Collared peccary (Peccary tajacu),Unidentified,Adult,Ungulate,33.85016,-106.87118,CD,Riparian
ARM07,Male,6,Collared peccary (Peccary tajacu),Unidentified,Adult,Ungulate,33.84656,-106.85098,CD,Riparian
ARM09,Male,9,Collared peccary (Peccary tajacu),Unidentified,Adult,Ungulate,33.79063,-106.86191,CD,Upland
ARM10,Male,5,Collared peccary (Peccary tajacu),Unidentified,Sub-adult,Ungulate,33.49031,-107.10583,HW,Mixed
ARM07,Male,6,Collared peccary (Peccary tajacu),Unidentified,Sub-adult,Ungulate,33.80738,-106.86137,CD,Riparian
ARM09,Male,9,Collared peccary (Peccary tajacu),Unidentified,Sub-adult,Ungulate,33.48959,-106.52615,HW,Upland
ARM07,Male,5,Collared peccary (Peccary tajacu),Unidentified,Unidentified,Ungulate,33.63348,-107.03784,HW,Riparian
ARM07,Male,5,Coyote (Canis latrans),Unidentified,Adult,Small Mammal,33.31509,-107.17401,CD,Riparian
ARF05,Female,2,Coyote (Canis latrans),Unidentified,Adult,Small Mammal,33.49704,-107.12075,CD,Riparian
ARM05,Male,2,Coyote (Canis latrans),Unidentified,Adult,Small Mammal,33.4854,-107.11514,CD,Riparian
ARF05,Female,2,Coyote (Canis latrans),Unidentified,Adult,Small Mammal,33.53555,-107.08373,CD,Riparian
ARM07,Male,5,Coyote (Canis latrans),Unidentified,Adult,Small Mammal,33.54964,-107.07891,HD,Riparian
ARF01,Female,5,Coyote (Canis latrans),Unidentified,Adult,Small Mammal,33.6223,-107.01694,HW,Riparian
ARF01,Female,4,Coyote (Canis latrans),Unidentified,Adult,Small Mammal,33.64372,-107.01225,HW,Riparian
ARF05,Female,2,Coyote (Canis latrans),Unidentified,Adult,Small Mammal,33.6137,-107.011737,CD,Riparian
ARF01,Female,4,Coyote (Canis latrans),Unidentified,Adult,Small Mammal,33.63045,-107.0048,CD,Riparian
ARF01,Female,5,Coyote (Canis latrans),Unidentified,Adult,Small Mammal,33.69946,-106.93456,CD,Riparian
ARF01,Female,5,Coyote (Canis latrans),Unidentified,Adult,Small Mammal,33.72384,-106.91035,CD,Riparian
ARM05,Male,1,Coyote (Canis latrans),Unidentified,Adult,Small Mammal,33.79462,-106.88211,CD,Riparian
ARM05,Male,1,Coyote (Canis latrans),Unidentified,Adult,Small Mammal,33.79462,-106.88211,CD,Riparian
ARM06,Male,5,Coyote (Canis latrans),Unidentified,Adult,Small Mammal,33.41765,-107.08007,CD,Upland
ARF03,Female,5,Coyote (Canis latrans),Unidentified,Adult,Small Mammal,33.50147,-106.95462,CD,Upland
ARF03,Female,4,Coyote (Canis latrans),Unidentified,Adult,Small Mammal,33.60317,-106.93672,CD,Upland
ARF03,Female,4,Coyote (Canis latrans),Unidentified,Adult,Small Mammal,33.51346,-106.93328,CD,Upland
ARF03,Female,4,Coyote (Canis latrans),Unidentified,Adult,Small Mammal,33.54897,-106.90888,CD,Upland
ARF03,Female,4,Coyote (Canis latrans),Unidentified,Adult,Small Mammal,33.58749,-106.90732,CD,Upland
ARF03,Female,4,Coyote (Canis latrans),Male,Adult,Small Mammal,33.601875,-106.89941,HW,Upland
ARM09,Male,9,Coyote (Canis latrans),Unidentified,Adult,Small Mammal,33.64107,-106.89056,CD,Upland
ARF03,Female,4,Coyote (Canis latrans),Unidentified,Adult,Small Mammal,33.56055,-106.88238,CD,Upland
ARF03,Female,4,Coyote (Canis latrans),Unidentified,Adult,Small Mammal,33.68284,-106.87503,CD,Upland
ARM09,Male,9,Coyote (Canis latrans),Unidentified,Adult,Small Mammal,33.69027,-106.86955,CD,Upland
ARM09,Male,9,Coyote (Canis latrans),Unidentified,Adult,Small Mammal,33.79063,-106.86191,CD,Upland
ARF03,Female,4,Coyote (Canis latrans),Unidentified,Adult,Small Mammal,33.54416,-106.86021,HW,Upland
ARF03,Female,4,Coyote (Canis latrans),Unidentified,Adult,Small Mammal,33.68943,-106.85981,CD,Upland
ARF03,Female,4,Coyote (Canis latrans),Unidentified,Adult,Small Mammal,33.68943,-106.85981,CD,Upland
ARF03,Female,4,Coyote (Canis latrans),Unidentified,Adult,Small Mammal,33.58839,-106.85813,CD,Upland
ARF03,Female,4,Coyote (Canis latrans),Unidentified,Adult,Small Mammal,33.52995,-106.85373,CD,Upland
ARF03,Female,4,Coyote (Canis latrans),Unidentified,Adult,Small Mammal,33.6971,-106.84278,CD,Upland
ARF03,Female,4,Coyote (Canis latrans),Female,Adult,Small Mammal,33.58678,-106.84087,HW,Upland
SEVF03,Female,4,Coyote (Canis latrans),Unidentified,Adult,Small Mammal,34.20864,-106.82046,HD,Upland
ARF03,Female,4,Coyote (Canis latrans),Unidentified,Adult,Small Mammal,33.56447,-106.81868,CD,Upland
ARF03,Female,4,Coyote (Canis latrans),Unidentified,Adult,Small Mammal,33.52691,-106.81725,CD,Upland
ARF03,Female,5,Coyote (Canis latrans),Unidentified,Adult,Small Mammal,33.55273,-106.81651,CD,Upland
ARF03,Female,4,Coyote (Canis latrans),Unidentified,Adult,Small Mammal,33.69671,-106.81644,CD,Upland
SEVF03,Female,3,Coyote (Canis latrans),Unidentified,Adult,Small Mammal,34.30447,-106.80915,HW,Upland
SEVF03,Female,3,Coyote (Canis latrans),Unidentified,Adult,Small Mammal,34.23942,-106.80414,HW,Upland
SEVF03,Female,3,Coyote (Canis latrans),Unidentified,Adult,Small Mammal,34.30535,-106.78859,HD,Upland
SEVF03,Female,4,Coyote (Canis latrans),Unidentified,Adult,Small Mammal,34.266177,-106.785862,CD,Upland
SEVF03,Female,4,Coyote (Canis latrans),Unidentified,Adult,Small Mammal,34.26412,-106.76885,HD,Upland
SEVF04,Female,5,Coyote (Canis latrans),Unidentified,Adult,Small Mammal,34.26216,-106.76588,HW,Upland
SEVF03,Female,4,Coyote (Canis latrans),Unidentified,Adult,Small Mammal,34.35642,-106.75805,CD,Upland
ARM09,Male,9,Coyote (Canis latrans),Unidentified,Adult,Small Mammal,33.39904,-106.74904,HD,Upland
SEVF03,Female,3,Coyote (Canis latrans),Unidentified,Adult,Small Mammal,34.25242,-106.74419,HW,Upland
SEVF03,Female,3,Coyote (Canis latrans),Unidentified,Adult,Small Mammal,34.25242,-106.74419,HW,Upland
SEVF03,Female,4,Coyote (Canis latrans),Unidentified,Adult,Small Mammal,34.369349,-106.7309,CD,Upland
SEVF03,Female,4,Coyote (Canis latrans),Unidentified,Adult,Small Mammal,34.38963,-106.72501,CD,Upland
SEVF04,Female,5,Coyote (Canis latrans),Unidentified,Adult,Small Mammal,34.28506,-106.72038,HW,Upland
SEVF04,Female,5,Coyote (Canis latrans),Unidentified,Adult,Small Mammal,34.31394,-106.71567,HW,Upland
SEVF04,Female,5,Coyote (Canis latrans),Unidentified,Adult,Small Mammal,34.25639,-106.67215,HW,Upland
SEVF04,Female,6,Coyote (Canis latrans),Unidentified,Adult,Small Mammal,34.31105,-106.6328,HD,Upland
SEVF03,Female,4,Coyote (Canis latrans),Unidentified,Adult,Small Mammal,34.36196,-106.62235,CD,Upland
SEVF01,Female,3,Coyote (Canis latrans),Unidentified,Adult,Small Mammal,34.19941,-106.62059,HD,Upland
SEVF04,Female,6,Coyote (Canis latrans),Unidentified,Adult,Small Mammal,34.34228,-106.61761,HD,Upland
SEVF04,Female,6,Coyote (Canis latrans),Unidentified,Adult,Small Mammal,34.34184,-106.61668,HW,Upland
ARM01,Male,6,Coyote (Canis latrans),Unidentified,Mature,Small Mammal,33.84311,-106.86491,HW,Mixed
ARF05,Female,2,Coyote (Canis latrans),Unidentified,Mature,Small Mammal,33.61368,-107.01173,CD,Riparian
ARF03,Female,4,Coyote (Canis latrans),Unidentified,Mature,Small Mammal,33.54038,-106.82141,CD,Upland
SEVF03,Female,3,Coyote (Canis latrans),Unidentified,Mature,Small Mammal,34.23279,-106.81229,HW,Upland
SEVF03,Female,3,Coyote (Canis latrans),Male,Mature,Small Mammal,34.29738,-106.69832,CD,Upland
SEVF04,Female,6,Coyote (Canis latrans),Unidentified,Mature,Small Mammal,34.39881,-106.56467,HW,Upland
ARF03,Female,4,Coyote (Canis latrans),Unidentified,Sub-adult,Small Mammal,33.58087,-106.81719,CD,Upland
ARM06,Male,6,Coyote (Canis latrans),Unidentified,Sub-adult,Small Mammal,33.28313,-106.80231,CD,Upland
ARM07,Male,5,Coyote (Canis latrans),Unidentified,Unidentified,Small Mammal,33.30928,-107.17648,CD,Riparian
ARM07,Male,5,Coyote (Canis latrans),Unidentified,Unidentified,Small Mammal,33.56229,-107.11517,HW,Riparian
ARF01,Female,6,Coyote (Canis latrans),Unidentified,Unidentified,Small Mammal,33.55463,-107.06003,CD,Riparian
ARF03,Female,5,Coyote (Canis latrans),Unidentified,Unidentified,Small Mammal,33.60281,-106.89842,CD,Upland
ARF03,Female,5,Coyote (Canis latrans),Unidentified,Unidentified,Small Mammal,33.64681,-106.89528,CD,Upland
ARF03,Female,5,Coyote (Canis latrans),Unidentified,Unidentified,Small Mammal,33.50201,-106.89434,CD,Upland
ARF03,Female,5,Coyote (Canis latrans),Unidentified,Unidentified,Small Mammal,33.70536,-106.83267,HD,Upland
SEVF03,Female,4,Coyote (Canis latrans),Unidentified,Unidentified,Small Mammal,34.36994,-106.80651,HD,Upland
SEVF03,Female,4,Coyote (Canis latrans),Unidentified,Unidentified,Small Mammal,34.36994,-106.80651,HD,Upland
SEVF03,Female,4,Coyote (Canis latrans),Unidentified,Unidentified,Small Mammal,34.31312,-106.79286,HD,Upland
SEVF03,Female,4,Coyote (Canis latrans),Unidentified,Unidentified,Small Mammal,34.19713,-106.75588,HD,Upland
SEVF03,Female,4,Coyote (Canis latrans),Unidentified,Unidentified,Small Mammal,34.21146,-106.74502,HW,Upland
SEVF03,Female,4,Coyote (Canis latrans),Unidentified,Unidentified,Small Mammal,34.29022,-106.72986,HW,Upland
SEVF04,Female,6,Coyote (Canis latrans),Unidentified,Unidentified,Small Mammal,34.28643,-106.69105,HW,Upland
SEVF04,Female,5,Coyote (Canis latrans),Unidentified,Unidentified,Small Mammal,34.29032,-106.62332,CD,Upland
SEVF04,Female,6,Coyote (Canis latrans),Unidentified,Unidentified,Small Mammal,34.37693,-106.59599,HW,Upland
SEVF04,Female,6,Coyote (Canis latrans),Unidentified,Unidentified,Small Mammal,34.31579,-106.54766,CD,Upland
SEVF04,Female,6,Coyote (Canis latrans),Unidentified,Unidentified,Small Mammal,34.4211,-106.52758,CD,Upland
SEVF04,Female,5,Coyote (Canis latrans),Unidentified,Yearling,Small Mammal,34.30779,-106.60788,HW,Upland
ARF05,Female,1,Desert Cottontail (Sylvilagus audubonii),Unidentified,Unidentified,Small Mammal,33.4313,-107.16641,CD,Riparian
ARM05,Male,1,Desert Cottontail (Sylvilagus audubonii),Unidentified,Unidentified,Small Mammal,33.4313,-107.16641,CD,Riparian
ARM05,Male,1,Desert Cottontail (Sylvilagus audubonii),Unidentified,Unidentified,Small Mammal,33.51718,-107.11426,HW,Riparian
ARF03,Female,4,Domestic Dog (Cains familiaris),Unidentified,Unidentified,Small Mammal,33.5666,-106.78953,CD,Upland
SEVF02,Female,3,Elk (Cervus canadensis) ,Male,Adult,Ungulate,34.23189,-106.89503,HW,Riparian
SEVF01,Female,3,Elk (Cervus canadensis) ,Unidentified,Adult,Ungulate,34.24338,-106.65682,HW,Upland
SEVF01,Female,4,Elk (Cervus canadensis) ,Unidentified,Adult,Ungulate,34.31372,-106.58296,CD,Upland
SEVF04,Female,6,Elk (Cervus canadensis) ,Female,Adult,Ungulate,34.37383,-106.53873,CD,Upland
SEVF04,Female,6,Elk (Cervus canadensis) ,Female,Adult,Ungulate,34.37383,-106.53873,CD,Upland
SEVF01,Female,3,Elk (Cervus canadensis) ,Female,Adult,Ungulate,34.23465,-106.51996,HD,Upland
ARM01,Male,6,Elk (Cervus canadensis) ,Female,Sub-adult,Ungulate,33.75303,-106.90771,HW,Mixed
ARM07,Male,5,Elk (Cervus canadensis) ,Female,Sub-adult,Ungulate,33.72436,-106.92243,HW,Riparian
ARM05,Male,1,Elk (Cervus canadensis) ,Female,Sub-adult,Ungulate,33.80809,-106.86466,HD,Riparian
ARM05,Male,1,Elk (Cervus canadensis) ,Male,Sub-adult,Ungulate,33.86438,-106.85756,HW,Riparian
ARF05,Female,1,Elk (Cervus canadensis) ,Unidentified,Sub-adult,Ungulate,33.83446,-106.8528,HW,Riparian
ARM01,Male,6,Elk (Cervus canadensis) ,Male,Yearling,Ungulate,33.78402,-106.89758,HW,Mixed
ARM07,Male,5,Elk (Cervus canadensis) ,Unidentified,Yearling,Ungulate,33.74775,-106.90327,HW,Riparian
SEVM01,Male,5,Feral Goat (Capra hircus),Unidentified,Adult,Ungulate,34.2407,-106.89956,CD,Mixed
ARF01,Female,4,Grey Fox (Urocyon cinereoargenteus),Unidentified,Adult,Small Mammal,33.42007,-107.17024,HW,Riparian
ARF01,Female,4,Grey Fox (Urocyon cinereoargenteus),Unidentified,Adult,Small Mammal,33.52235,-107.10932,HW,Riparian
ARF05,Female,1,Grey Fox (Urocyon cinereoargenteus),Unidentified,Adult,Small Mammal,33.59913,-107.05479,HW,Riparian
ARF03,Female,4,Grey Fox (Urocyon cinereoargenteus),Unidentified,Adult,Small Mammal,33.49985,-106.83369,HW,Upland
ARF03,Female,4,Grey Fox (Urocyon cinereoargenteus),Unidentified,Adult,Small Mammal,33.50818,-106.79959,HW,Upland
ARF05,Female,1,Grey Fox (Urocyon cinereoargenteus),Unidentified,Sub-adult,Small Mammal,33.81173,-106.84721,HW,Riparian
ARF05,Female,1,Grey Fox (Urocyon cinereoargenteus),Unidentified,Unidentified,Small Mammal,33.47461,-107.14782,HW,Riparian
ARF05,Female,1,Grey Fox (Urocyon cinereoargenteus),Unidentified,Unidentified,Small Mammal,33.47468,-107.14578,HW,Riparian
ARF02,Female,2,Grey Fox (Urocyon cinereoargenteus),Unidentified,Unidentified,Small Mammal,33.4911,-107.1249,HW,Riparian
ARF05,Female,1,Grey Fox (Urocyon cinereoargenteus),Unidentified,Unidentified,Small Mammal,33.49704,-107.12421,HW,Riparian
ARF01,Female,4,Grey Fox (Urocyon cinereoargenteus),Unidentified,Unidentified,Small Mammal,33.48938,-107.11204,HW,Riparian
ARM05,Male,1,Grey Fox (Urocyon cinereoargenteus),Unidentified,Unidentified,Small Mammal,33.55091,-107.08466,HW,Riparian
ARF05,Female,1,Grey Fox (Urocyon cinereoargenteus),Unidentified,Unidentified,Small Mammal,33.54273,-107.0686,HW,Riparian
ARF05,Female,1,Grey Fox (Urocyon cinereoargenteus),Unidentified,Unidentified,Small Mammal,33.60114,-107.05257,HW,Riparian
ARF05,Female,1,Grey Fox (Urocyon cinereoargenteus),Unidentified,Unidentified,Small Mammal,33.69352,-106.97953,HW,Riparian
ARF05,Female,1,Grey Fox (Urocyon cinereoargenteus),Unidentified,Unidentified,Small Mammal,33.70708,-106.94473,HW,Riparian
SEVF03,Female,4,Grey Fox (Urocyon cinereoargenteus),Unidentified,Unidentified,Small Mammal,34.27863,-106.77912,CD,Upland
SEVF03,Female,4,Grey Fox (Urocyon cinereoargenteus),Unidentified,Unidentified,Small Mammal,34.24387,-106.77794,CD,Upland
SEVF04,Female,6,Grey Fox (Urocyon cinereoargenteus),Unidentified,Unidentified,Small Mammal,34.38875,-106.57567,HW,Upland
ARF05,Female,1,Hognosed Skunk (Conepatus leuconotus),Unidentified,Unidentified,Small Mammal,33.6867,-106.98735,HD,Riparian
ARF02,Female,2,Jackrabbit (Lepus californicus),Unidentified,Unidentified,Small Mammal,33.38778,-107.16186,CD,Riparian
ARM07,Male,5,Jackrabbit (Lepus californicus),Unidentified,Unidentified,Small Mammal,33.63171,-106.99433,HW,Riparian
ARF05,Female,1,Jackrabbit (Lepus californicus),Unidentified,Unidentified,Small Mammal,33.68029,-106.98718,HW,Riparian
ARM07,Male,5,Jackrabbit (Lepus californicus),Unidentified,Unidentified,Small Mammal,33.66678,-106.9791,HW,Riparian
SEVF03,Female,4,Jackrabbit (Lepus californicus),Unidentified,Unidentified,Small Mammal,34.25187,-106.802,HD,Upland
ARM04,Male,4,Kit Fox (Vuples macrotis),Unidentified,Adult,Small Mammal,33.31544,-107.18584,CD,Mixed
ARM01,Male,6,Mule Deer (Odocoileus hemionus),Female,Adult,Ungulate,33.45843,-107.12986,HW,Mixed
ARM10,Male,5,Mule Deer (Odocoileus hemionus),Female,Adult,Ungulate,33.31815,-107.10615,HW,Mixed
ARM01,Male,6,Mule Deer (Odocoileus hemionus),Male,Adult,Ungulate,33.69312,-106.88982,HW,Mixed
ARF01,Female,5,Mule Deer (Odocoileus hemionus),Female,Adult,Ungulate,33.35338,-107.19553,HW,Riparian
ARF01,Female,5,Mule Deer (Odocoileus hemionus),Female,Adult,Ungulate,33.31127,-107.19095,HW,Riparian
ARF01,Female,5,Mule Deer (Odocoileus hemionus),Female,Adult,Ungulate,33.31218,-107.18036,HW,Riparian
ARF01,Female,5,Mule Deer (Odocoileus hemionus),Female,Adult,Ungulate,33.42741,-107.16474,HD,Riparian
ARF01,Female,5,Mule Deer (Odocoileus hemionus),Male,Adult,Ungulate,33.31564,-107.16458,HW,Riparian
ARM05,Male,1,Mule Deer (Odocoileus hemionus),Female,Adult,Ungulate,33.43018,-107.14735,HW,Riparian
ARF01,Female,5,Mule Deer (Odocoileus hemionus),Female,Adult,Ungulate,33.46809,-107.12933,HW,Riparian
ARF01,Female,5,Mule Deer (Odocoileus hemionus),Male,Adult,Ungulate,33.49005,-107.12108,HW,Riparian
ARF05,Female,1,Mule Deer (Odocoileus hemionus),Unidentified,Adult,Ungulate,33.51352,-107.11578,HW,Riparian
ARM05,Male,1,Mule Deer (Odocoileus hemionus),Unidentified,Adult,Ungulate,33.46503,-107.11576,CD,Riparian
ARF01,Female,5,Mule Deer (Odocoileus hemionus),Female,Adult,Ungulate,33.54037,-107.09097,HW,Riparian
ARF05,Female,1,Mule Deer (Odocoileus hemionus),Unidentified,Adult,Ungulate,33.66237,-107.01306,HW,Riparian
ARF01,Female,5,Mule Deer (Odocoileus hemionus),Female,Adult,Ungulate,33.68386,-106.9846,CD,Riparian
ARM07,Male,5,Mule Deer (Odocoileus hemionus),Male,Adult,Ungulate,33.72861,-106.9061,HD,Riparian
ARF05,Female,1,Mule Deer (Odocoileus hemionus),Female,Adult,Ungulate,33.78238,-106.89857,HW,Riparian
ARM07,Male,6,Mule Deer (Odocoileus hemionus),Female,Adult,Ungulate,33.75737,-106.88291,HD,Riparian
ARM07,Male,5,Mule Deer (Odocoileus hemionus),Female,Adult,Ungulate,33.84946,-106.86826,HW,Riparian
ARM07,Male,6,Mule Deer (Odocoileus hemionus),Male,Adult,Ungulate,33.85243,-106.86765,CD,Riparian
LM7,Male,5,Mule Deer (Odocoileus hemionus),Female,Adult,Ungulate,33.00493,-107.23699,CD,Upland
LM7,Male,5,Mule Deer (Odocoileus hemionus),Male,Adult,Ungulate,32.907777,-107.211385,CD,Upland
ARM06,Male,5,Mule Deer (Odocoileus hemionus),Female,Adult,Ungulate,33.44905,-107.12166,CD,Upland
LM7,Male,5,Mule Deer (Odocoileus hemionus),Female,Adult,Ungulate,33.237709,-107.113931,CD,Upland
ARM06,Male,5,Mule Deer (Odocoileus hemionus),Female,Adult,Ungulate,33.43421,-107.10389,CD,Upland
ARM06,Male,5,Mule Deer (Odocoileus hemionus),Male,Adult,Ungulate,33.16511,-107.09685,CD,Upland
LM7,Male,4,Mule Deer (Odocoileus hemionus),Female,Adult,Ungulate,33.29969,-107.08301,CD,Upland
LM7,Male,4,Mule Deer (Odocoileus hemionus),Male,Adult,Ungulate,33.481865,-107.07078,CD,Upland
ARF03,Female,4,Mule Deer (Odocoileus hemionus),Male,Adult,Ungulate,33.53214,-106.88915,HW,Upland
ARF03,Female,5,Mule Deer (Odocoileus hemionus),Female,Adult,Ungulate,33.55012,-106.85791,CD,Upland
SEVF03,Female,4,Mule Deer (Odocoileus hemionus),Unidentified,Adult,Ungulate,34.25458,-106.8555,CD,Upland
SEVF03,Female,4,Mule Deer (Odocoileus hemionus),Male,Adult,Ungulate,34.24757,-106.84367,CD,Upland
SEVF03,Female,4,Mule Deer (Odocoileus hemionus),Unidentified,Adult,Ungulate,34.24716,-106.82602,CD,Upland
SEVF03,Female,3,Mule Deer (Odocoileus hemionus),Female,Adult,Ungulate,34.26817,-106.82554,HW,Upland
SEVF03,Female,4,Mule Deer (Odocoileus hemionus),Unidentified,Adult,Ungulate,34.31947,-106.8087,CD,Upland
ARF03,Female,4,Mule Deer (Odocoileus hemionus),Female,Adult,Ungulate,33.55867,-106.80644,HW,Upland
SEVF03,Female,3,Mule Deer (Odocoileus hemionus),Female,Adult,Ungulate,34.26532,-106.80248,HW,Upland
ARM06,Male,6,Mule Deer (Odocoileus hemionus),Male,Adult,Ungulate,33.30649,-106.75485,CD,Upland
SEVF04,Female,5,Mule Deer (Odocoileus hemionus),Unidentified,Adult,Ungulate,34.31394,-106.71567,HW,Upland
SEVF03,Female,4,Mule Deer (Odocoileus hemionus),Male,Adult,Ungulate,34.32271,-106.70975,HD,Upland
SEVF03,Female,3,Mule Deer (Odocoileus hemionus),Male,Adult,Ungulate,34.29738,-106.69832,CD,Upland
ARM09,Male,8,Mule Deer (Odocoileus hemionus),Female,Adult,Ungulate,33.42142,-106.64999,HW,Upland
ARM09,Male,9,Mule Deer (Odocoileus hemionus),Male,Adult,Ungulate,33.42099,-106.64996,HW,Upland
ARM09,Male,8,Mule Deer (Odocoileus hemionus),Male,Adult,Ungulate,33.42107,-106.64994,HW,Upland
SEVF01,Female,5,Mule Deer (Odocoileus hemionus),Male,Adult,Ungulate,34.12604,-106.63274,HW,Upland
SEVF01,Female,4,Mule Deer (Odocoileus hemionus),Unidentified,Adult,Ungulate,34.14596,-106.63207,CD,Upland
ARM09,Male,9,Mule Deer (Odocoileus hemionus),Female,Adult,Ungulate,33.45586,-106.62118,CD,Upland
SEVF04,Female,5,Mule Deer (Odocoileus hemionus),Unidentified,Adult,Ungulate,34.30854,-106.61725,CD,Upland
SEVF04,Female,6,Mule Deer (Odocoileus hemionus),Male,Adult,Ungulate,34.34076,-106.61504,CD,Upland
ARM09,Male,9,Mule Deer (Odocoileus hemionus),Male,Adult,Ungulate,33.41748,-106.60524,CD,Upland
SEVF04,Female,5,Mule Deer (Odocoileus hemionus),Male,Adult,Ungulate,34.35691,-106.60445,HW,Upland
ARM09,Male,9,Mule Deer (Odocoileus hemionus),Male,Adult,Ungulate,33.41757,-106.59922,HW,Upland
SEVF04,Female,5,Mule Deer (Odocoileus hemionus),Unidentified,Adult,Ungulate,34.38397,-106.59401,HW,Upland
SEVF03,Female,4,Mule Deer (Odocoileus hemionus),Unidentified,Adult,Ungulate,34.36288,-106.59107,CD,Upland
SEVF04,Female,5,Mule Deer (Odocoileus hemionus),Female,Adult,Ungulate,34.37026,-106.58784,HW,Upland
SEVF04,Female,5,Mule Deer (Odocoileus hemionus),Unidentified,Adult,Ungulate,34.39495,-106.57369,CD,Upland
SEVF04,Female,6,Mule Deer (Odocoileus hemionus),Unidentified,Adult,Ungulate,34.36543,-106.57233,HD,Upland
SEVF04,Female,5,Mule Deer (Odocoileus hemionus),Unidentified,Adult,Ungulate,34.36126,-106.56404,CD,Upland
SEVF01,Female,4,Mule Deer (Odocoileus hemionus),Unidentified,Adult,Ungulate,34.33348,-106.56139,CD,Upland
SEVF04,Female,6,Mule Deer (Odocoileus hemionus),Male,Adult,Ungulate,34.38861,-106.5601,CD,Upland
SEVF04,Female,5,Mule Deer (Odocoileus hemionus),Unidentified,Adult,Ungulate,34.39246,-106.55386,CD,Upland
SEVF04,Female,5,Mule Deer (Odocoileus hemionus),Female,Adult,Ungulate,34.38617,-106.55273,HW,Upland
SEVF04,Female,5,Mule Deer (Odocoileus hemionus),Female,Adult,Ungulate,34.38617,-106.55273,HW,Upland
SEVF04,Female,5,Mule Deer (Odocoileus hemionus),Female,Adult,Ungulate,34.38339,-106.55045,CD,Upland
SEVF01,Female,4,Mule Deer (Odocoileus hemionus),Male,Adult,Ungulate,34.31365,-106.54297,CD,Upland
SEVF04,Female,6,Mule Deer (Odocoileus hemionus),Male,Adult,Ungulate,34.41047,-106.53275,CD,Upland
ARM09,Male,9,Mule Deer (Odocoileus hemionus),Male,Adult,Ungulate,33.36743,-106.51454,HW,Upland
ARM01,Male,6,Mule Deer (Odocoileus hemionus),Unidentified,"Lamb, Fawn, Calf, Neonate, Juvenile",Ungulate,33.39776,-107.12664,HW,Mixed
ARM01,Male,6,Mule Deer (Odocoileus hemionus),Unidentified,"Lamb, Fawn, Calf, Neonate, Juvenile",Ungulate,33.42404,-107.09315,HD,Mixed
ARM01,Male,6,Mule Deer (Odocoileus hemionus),Unidentified,"Lamb, Fawn, Calf, Neonate, Juvenile",Ungulate,33.8573,-106.870001,HW,Mixed
ARM01,Male,6,Mule Deer (Odocoileus hemionus),Unidentified,"Lamb, Fawn, Calf, Neonate, Juvenile",Ungulate,33.78511,-106.82343,HW,Mixed
ARF01,Female,5,Mule Deer (Odocoileus hemionus),Unidentified,"Lamb, Fawn, Calf, Neonate, Juvenile",Ungulate,33.46846,-107.1487,HW,Riparian
ARF05,Female,1,Mule Deer (Odocoileus hemionus),Unidentified,"Lamb, Fawn, Calf, Neonate, Juvenile",Ungulate,33.48156,-107.12639,HW,Riparian
ARM05,Male,1,Mule Deer (Odocoileus hemionus),Unidentified,"Lamb, Fawn, Calf, Neonate, Juvenile",Ungulate,33.48923,-107.12477,HW,Riparian
ARF01,Female,4,Mule Deer (Odocoileus hemionus),Unidentified,"Lamb, Fawn, Calf, Neonate, Juvenile",Ungulate,33.54326,-107.10625,HW,Riparian
ARF01,Female,5,Mule Deer (Odocoileus hemionus),Female,"Lamb, Fawn, Calf, Neonate, Juvenile",Ungulate,33.54037,-107.09097,HW,Riparian
ARF01,Female,4,Mule Deer (Odocoileus hemionus),Unidentified,"Lamb, Fawn, Calf, Neonate, Juvenile",Ungulate,33.60604,-107.01489,HW,Riparian
ARM07,Male,5,Mule Deer (Odocoileus hemionus),Unidentified,"Lamb, Fawn, Calf, Neonate, Juvenile",Ungulate,33.75054,-106.90581,HW,Riparian
SEVF02,Female,3,Mule Deer (Odocoileus hemionus),Unidentified,"Lamb, Fawn, Calf, Neonate, Juvenile",Ungulate,34.2384,-106.90175,HW,Riparian
ARM07,Male,5,Mule Deer (Odocoileus hemionus),Unidentified,"Lamb, Fawn, Calf, Neonate, Juvenile",Ungulate,33.76782,-106.89719,HW,Riparian
ARM07,Male,5,Mule Deer (Odocoileus hemionus),Unidentified,"Lamb, Fawn, Calf, Neonate, Juvenile",Ungulate,33.78661,-106.88924,HW,Riparian
ARM07,Male,5,Mule Deer (Odocoileus hemionus),Unidentified,"Lamb, Fawn, Calf, Neonate, Juvenile",Ungulate,33.7708,-106.86385,HW,Riparian
SEVF02,Female,3,Mule Deer (Odocoileus hemionus),Unidentified,"Lamb, Fawn, Calf, Neonate, Juvenile",Ungulate,33.86527,-106.83819,HW,Riparian
ARF03,Female,4,Mule Deer (Odocoileus hemionus),Unidentified,"Lamb, Fawn, Calf, Neonate, Juvenile",Ungulate,33.53214,-106.88915,HW,Upland
ARF03,Female,4,Mule Deer (Odocoileus hemionus),Unidentified,"Lamb, Fawn, Calf, Neonate, Juvenile",Ungulate,33.53214,-106.88915,HW,Upland
ARF03,Female,4,Mule Deer (Odocoileus hemionus),Unidentified,"Lamb, Fawn, Calf, Neonate, Juvenile",Ungulate,33.52128,-106.8678,HW,Upland
ARF03,Female,4,Mule Deer (Odocoileus hemionus),Unidentified,"Lamb, Fawn, Calf, Neonate, Juvenile",Ungulate,33.52113,-106.8597,HW,Upland
ARF03,Female,4,Mule Deer (Odocoileus hemionus),Unidentified,"Lamb, Fawn, Calf, Neonate, Juvenile",Ungulate,33.51148,-106.85571,HW,Upland
ARF03,Female,4,Mule Deer (Odocoileus hemionus),Unidentified,"Lamb, Fawn, Calf, Neonate, Juvenile",Ungulate,33.51786,-106.84129,HW,Upland
ARF03,Female,4,Mule Deer (Odocoileus hemionus),Unidentified,"Lamb, Fawn, Calf, Neonate, Juvenile",Ungulate,33.58921,-106.82688,HW,Upland
SEVF01,Female,3,Mule Deer (Odocoileus hemionus),Unidentified,"Lamb, Fawn, Calf, Neonate, Juvenile",Ungulate,34.14252,-106.65583,HW,Upland
SEVF03,Female,4,Mule Deer (Odocoileus hemionus),Unidentified,"Lamb, Fawn, Calf, Neonate, Juvenile",Ungulate,34.25129,-106.86398,HW,Upland
SEVF03,Female,3,Mule Deer (Odocoileus hemionus),Unidentified,"Lamb, Fawn, Calf, Neonate, Juvenile",Ungulate,34.26403,-106.85642,HW,Upland
SEVF03,Female,3,Mule Deer (Odocoileus hemionus),Unidentified,"Lamb, Fawn, Calf, Neonate, Juvenile",Ungulate,34.25407,-106.84694,HW,Upland
SEVF03,Female,3,Mule Deer (Odocoileus hemionus),Unidentified,"Lamb, Fawn, Calf, Neonate, Juvenile",Ungulate,34.27761,-106.83466,HW,Upland
SEVF03,Female,4,Mule Deer (Odocoileus hemionus),Unidentified,"Lamb, Fawn, Calf, Neonate, Juvenile",Ungulate,34.27391,-106.82701,HW,Upland
SEVF03,Female,4,Mule Deer (Odocoileus hemionus),Unidentified,"Lamb, Fawn, Calf, Neonate, Juvenile",Ungulate,34.22901,-106.8166,HW,Upland
SEVF03,Female,3,Mule Deer (Odocoileus hemionus),Unidentified,"Lamb, Fawn, Calf, Neonate, Juvenile",Ungulate,34.25415,-106.8091,HW,Upland
SEVF03,Female,3,Mule Deer (Odocoileus hemionus),Unidentified,"Lamb, Fawn, Calf, Neonate, Juvenile",Ungulate,34.22514,-106.80789,HW,Upland
SEVF03,Female,4,Mule Deer (Odocoileus hemionus),Unidentified,"Lamb, Fawn, Calf, Neonate, Juvenile",Ungulate,34.25818,-106.76858,HW,Upland
SEVF04,Female,6,Mule Deer (Odocoileus hemionus),Unidentified,"Lamb, Fawn, Calf, Neonate, Juvenile",Ungulate,34.33044,-106.60359,HW,Upland
SEVF04,Female,5,Mule Deer (Odocoileus hemionus),Unidentified,"Lamb, Fawn, Calf, Neonate, Juvenile",Ungulate,34.37487,-106.59154,HW,Upland
SEVF04,Female,5,Mule Deer (Odocoileus hemionus),Unidentified,"Lamb, Fawn, Calf, Neonate, Juvenile",Ungulate,34.35629,-106.54706,CD,Upland
SEVF04,Female,5,Mule Deer (Odocoileus hemionus),Unidentified,"Lamb, Fawn, Calf, Neonate, Juvenile",Ungulate,34.35629,-106.54706,CD,Upland
ARM01,Male,6,Mule Deer (Odocoileus hemionus),Male,Mature,Ungulate,33.38418,-107.12733,HW,Mixed
ARM01,Male,6,Mule Deer (Odocoileus hemionus),Male,Mature,Ungulate,33.45416,-107.10788,HW,Mixed
ARM10,Male,5,Mule Deer (Odocoileus hemionus),Male,Mature,Ungulate,33.43477,-107.09583,HW,Mixed
ARF01,Female,5,Mule Deer (Odocoileus hemionus),Male,Mature,Ungulate,33.49006,-107.12105,HW,Riparian
LM7,Male,5,Mule Deer (Odocoileus hemionus),Male,Mature,Ungulate,33.04937,-107.22528,CD,Upland
ARM06,Male,6,Mule Deer (Odocoileus hemionus),Male,Mature,Ungulate,33.41261,-107.08596,CD,Upland
LM7,Male,5,Mule Deer (Odocoileus hemionus),Male,Mature,Ungulate,33.3829,-107.07766,CD,Upland
LM7,Male,5,Mule Deer (Odocoileus hemionus),Male,Mature,Ungulate,33.402847,-107.075586,CD,Upland
ARM09,Male,9,Mule Deer (Odocoileus hemionus),Male,Mature,Ungulate,33.39849,-106.68327,CD,Upland
SEVF01,Female,4,Mule Deer (Odocoileus hemionus),Female,Mature,Ungulate,34.15269,-106.67575,HW,Upland
SEVF04,Female,5,Mule Deer (Odocoileus hemionus),Unidentified,Mature,Ungulate,34.37029,-106.58779,CD,Upland
ARM04,Male,4,Mule Deer (Odocoileus hemionus),Female,Sub-adult,Ungulate,33.14495,-107.20602,CD,Mixed
ARM10,Male,5,Mule Deer (Odocoileus hemionus),Unidentified,Sub-adult,Ungulate,33.31796,-107.10498,HW,Mixed
ARM10,Male,5,Mule Deer (Odocoileus hemionus),Unidentified,Sub-adult,Ungulate,33.42905,-107.09392,HW,Mixed
ARM07,Male,5,Mule Deer (Odocoileus hemionus),Male,Sub-adult,Ungulate,33.32357,-107.1676,CD,Riparian
ARF01,Female,5,Mule Deer (Odocoileus hemionus),Female,Sub-adult,Ungulate,33.44226,-107.15171,HW,Riparian
ARM07,Male,5,Mule Deer (Odocoileus hemionus),Unidentified,Sub-adult,Ungulate,33.54348,-107.07934,HD,Riparian
ARF01,Female,6,Mule Deer (Odocoileus hemionus),Unidentified,Sub-adult,Ungulate,33.56268,-107.07615,CD,Riparian
ARM05,Male,1,Mule Deer (Odocoileus hemionus),Male,Sub-adult,Ungulate,33.60831,-107.02006,HW,Riparian
ARF05,Female,1,Mule Deer (Odocoileus hemionus),Unidentified,Sub-adult,Ungulate,33.64931,-106.99708,CD,Riparian
ARM05,Male,1,Mule Deer (Odocoileus hemionus),Unidentified,Sub-adult,Ungulate,33.99072,-106.860287,HD,Riparian
LM7,Male,5,Mule Deer (Odocoileus hemionus),Female,Sub-adult,Ungulate,33.02266,-107.23579,CD,Upland
LM7,Male,5,Mule Deer (Odocoileus hemionus),Male,Sub-adult,Ungulate,33.06521,-107.22521,CD,Upland
SEVF03,Female,4,Mule Deer (Odocoileus hemionus),Unidentified,Sub-adult,Ungulate,34.23604,-106.82201,HW,Upland
SEVF04,Female,5,Mule Deer (Odocoileus hemionus),Unidentified,Sub-adult,Ungulate,34.2811,-106.81745,HW,Upland
ARF03,Female,5,Mule Deer (Odocoileus hemionus),Unidentified,Sub-adult,Ungulate,33.54334,-106.80367,CD,Upland
ARF03,Female,4,Mule Deer (Odocoileus hemionus),Female,Sub-adult,Ungulate,33.55831,-106.79627,CD,Upland
ARF03,Female,5,Mule Deer (Odocoileus hemionus),Female,Sub-adult,Ungulate,33.55656,-106.77847,CD,Upland
SEVF03,Female,4,Mule Deer (Odocoileus hemionus),Unidentified,Sub-adult,Ungulate,34.27938,-106.65441,CD,Upland
SEVF04,Female,6,Mule Deer (Odocoileus hemionus),Unidentified,Sub-adult,Ungulate,34.30185,-106.63081,CD,Upland
SEVF04,Female,5,Mule Deer (Odocoileus hemionus),Unidentified,Sub-adult,Ungulate,34.30297,-106.63061,HW,Upland
SEVF04,Female,5,Mule Deer (Odocoileus hemionus),Unidentified,Sub-adult,Ungulate,34.30297,-106.63061,HW,Upland
SEVF04,Female,6,Mule Deer (Odocoileus hemionus),Male,Sub-adult,Ungulate,34.31996,-106.60809,CD,Upland
ARM09,Male,8,Mule Deer (Odocoileus hemionus),Unidentified,Sub-adult,Ungulate,33.41747,-106.59744,HD,Upland
SEVF04,Female,6,Mule Deer (Odocoileus hemionus),Female,Sub-adult,Ungulate,34.40303,-106.56022,HD,Upland
ARF05,Female,1,Mule Deer (Odocoileus hemionus),Unidentified,Unidentified,Ungulate,33.9383,-106.83766,CD,Riparian
ARF03,Female,5,Mule Deer (Odocoileus hemionus),Unidentified,Unidentified,Ungulate,33.53318,-106.92119,CD,Upland
ARF03,Female,5,Mule Deer (Odocoileus hemionus),Unidentified,Unidentified,Ungulate,33.47294,-106.91298,CD,Upland
ARF03,Female,5,Mule Deer (Odocoileus hemionus),Unidentified,Unidentified,Ungulate,33.57361,-106.81694,CD,Upland
SEVF03,Female,4,Mule Deer (Odocoileus hemionus),Unidentified,Unidentified,Ungulate,34.22047,-106.81058,HW,Upland
SEVF03,Female,4,Mule Deer (Odocoileus hemionus),Unidentified,Unidentified,Ungulate,34.21329,-106.75119,HW,Upland
ARM09,Male,9,Mule Deer (Odocoileus hemionus),Unidentified,Unidentified,Ungulate,33.31661,-106.70699,HD,Upland
SEVF01,Female,3,Mule Deer (Odocoileus hemionus),Unidentified,Unidentified,Ungulate,34.11228,-106.64637,CD,Upland
SEVF01,Female,4,Mule Deer (Odocoileus hemionus),Unidentified,Unidentified,Ungulate,34.11203,-106.64609,CD,Upland
SEVF01,Female,3,Mule Deer (Odocoileus hemionus),Unidentified,Unidentified,Ungulate,34.12901,-106.61686,HW,Upland
SEVF01,Female,3,Mule Deer (Odocoileus hemionus),Unidentified,Unidentified,Ungulate,34.12621,-106.61466,HW,Upland
SEVF01,Female,3,Mule Deer (Odocoileus hemionus),Unidentified,Unidentified,Ungulate,34.08677,-106.60182,CD,Upland
SEVF04,Female,6,Mule Deer (Odocoileus hemionus),Unidentified,Unidentified,Ungulate,34.29518,-106.59606,CD,Upland
SEVF04,Female,6,Mule Deer (Odocoileus hemionus),Unidentified,Unidentified,Ungulate,34.3782,-106.58393,HW,Upland
ARM09,Male,8,Mule Deer (Odocoileus hemionus),Unidentified,Unidentified,Ungulate,33.43405,-106.56179,HW,Upland
SEVF04,Female,6,Mule Deer (Odocoileus hemionus),Unidentified,Unidentified,Ungulate,34.32921,-106.56163,CD,Upland
SEVF04,Female,6,Mule Deer (Odocoileus hemionus),Unidentified,Unidentified,Ungulate,34.38792,-106.55952,CD,Upland
SEVF04,Female,6,Mule Deer (Odocoileus hemionus),Unidentified,Unidentified,Ungulate,34.373762,-106.550957,CD,Upland
SEVF04,Female,6,Mule Deer (Odocoileus hemionus),Unidentified,Unidentified,Ungulate,34.39352,-106.52652,CD,Upland
ARF01,Female,5,Mule Deer (Odocoileus hemionus),Unidentified,Yearling,Ungulate,33.30486,-107.1855,HW,Riparian
ARF01,Female,5,Mule Deer (Odocoileus hemionus),Female,Yearling,Ungulate,33.37216,-107.17896,HW,Riparian
ARF02,Female,2,Mule Deer (Odocoileus hemionus),Unidentified,Yearling,Ungulate,33.46556,-107.15768,CD,Riparian
ARM07,Male,5,Mule Deer (Odocoileus hemionus),Female,Yearling,Ungulate,33.47836,-107.14204,CD,Riparian
ARM07,Male,5,Mule Deer (Odocoileus hemionus),Unidentified,Yearling,Ungulate,33.51661,-107.11317,HW,Riparian
ARM05,Male,1,Mule Deer (Odocoileus hemionus),Unidentified,Yearling,Ungulate,33.51975,-107.10979,HW,Riparian
ARF02,Female,2,Mule Deer (Odocoileus hemionus),Unidentified,Yearling,Ungulate,33.52865,-107.10806,HW,Riparian
ARM05,Male,1,Mule Deer (Odocoileus hemionus),Unidentified,Yearling,Ungulate,33.54127,-107.10222,HW,Riparian
ARM05,Male,1,Mule Deer (Odocoileus hemionus),Unidentified,Yearling,Ungulate,33.54288,-107.0896,HW,Riparian
ARF01,Female,5,Mule Deer (Odocoileus hemionus),Unidentified,Yearling,Ungulate,33.56274,-107.07516,CD,Riparian
ARF01,Female,5,Mule Deer (Odocoileus hemionus),Female,Yearling,Ungulate,33.6167,-107.00496,CD,Riparian
ARF05,Female,1,Mule Deer (Odocoileus hemionus),Unidentified,Yearling,Ungulate,33.68583,-106.98174,HW,Riparian
ARF05,Female,1,Mule Deer (Odocoileus hemionus),Unidentified,Yearling,Ungulate,33.68396,-106.97459,CD,Riparian
ARM05,Male,1,Mule Deer (Odocoileus hemionus),Unidentified,Yearling,Ungulate,33.74253,-106.90647,HW,Riparian
ARM05,Male,1,Mule Deer (Odocoileus hemionus),Unidentified,Yearling,Ungulate,33.7429,-106.90581,HW,Riparian
ARM05,Male,1,Mule Deer (Odocoileus hemionus),Unidentified,Yearling,Ungulate,33.74923,-106.90504,HW,Riparian
ARF01,Female,5,Mule Deer (Odocoileus hemionus),Unidentified,Yearling,Ungulate,33.78842,-106.88517,CD,Riparian
ARM07,Male,5,Mule Deer (Odocoileus hemionus),Unidentified,Yearling,Ungulate,33.85603,-106.87165,HW,Riparian
ARM07,Male,5,Mule Deer (Odocoileus hemionus),Unidentified,Yearling,Ungulate,33.74042,-106.87157,HW,Riparian
ARM06,Male,5,Mule Deer (Odocoileus hemionus),Female,Yearling,Ungulate,33.39307,-107.10093,HW,Upland
ARM06,Male,5,Mule Deer (Odocoileus hemionus),Unidentified,Yearling,Ungulate,33.19121,-107.10057,HW,Upland
ARM06,Male,5,Mule Deer (Odocoileus hemionus),Unidentified,Yearling,Ungulate,33.47076,-107.09225,HW,Upland
ARM06,Male,6,Mule Deer (Odocoileus hemionus),Unidentified,Yearling,Ungulate,33.3681,-107.07435,CD,Upland
SEVF03,Female,4,Mule Deer (Odocoileus hemionus),Unidentified,Yearling,Ungulate,34.27787,-106.83839,HW,Upland
SEVF01,Female,3,Mule Deer (Odocoileus hemionus),Unidentified,Yearling,Ungulate,34.14252,-106.65583,HW,Upland
SEVF01,Female,3,Mule Deer (Odocoileus hemionus),Unidentified,Yearling,Ungulate,34.13047,-106.65276,CD,Upland
SEVF04,Female,5,Mule Deer (Odocoileus hemionus),Unidentified,Yearling,Ungulate,34.33483,-106.61879,HW,Upland
SEVF01,Female,4,Mule Deer (Odocoileus hemionus),Unidentified,Yearling,Ungulate,34.12899,-106.6169,HW,Upland
SEVF01,Female,3,Mule Deer (Odocoileus hemionus),Unidentified,Yearling,Ungulate,34.09034,-106.60684,HW,Upland
SEVF04,Female,5,Mule Deer (Odocoileus hemionus),Unidentified,Yearling,Ungulate,34.36618,-106.59229,HW,Upland
SEVF04,Female,5,Mule Deer (Odocoileus hemionus),Unidentified,Yearling,Ungulate,34.36146,-106.59216,HW,Upland
SEVF04,Female,5,Mule Deer (Odocoileus hemionus),Unidentified,Yearling,Ungulate,34.36968,-106.57863,HW,Upland
SEVF04,Female,6,Mule Deer (Odocoileus hemionus),Male,Yearling,Ungulate,34.40565,-106.559,CD,Upland
SEVF04,Female,5,Mule Deer (Odocoileus hemionus),Unidentified,Yearling,Ungulate,34.36766,-106.55476,HW,Upland
SEVF04,Female,6,Mule Deer (Odocoileus hemionus),Unidentified,Yearling,Ungulate,34.37909,-106.55385,HW,Upland
ARM09,Male,9,Mule Deer (Odocoileus hemionus),Unidentified,Yearling,Ungulate,33.47226,-106.48936,CD,Upland
ARM07,Male,6,Muskrat (Ondatra zibethicus),Unidentified,Adult,Aquatic,33.74889,-106.897,HD,Riparian
ARM09,Male,9,Oryx (Oryx gazella),Unidentified,Adult,Ungulate,33.6414,-106.97649,CD,Upland
ARM09,Male,8,Oryx (Oryx gazella),Unidentified,Adult,Ungulate,33.62786,-106.92706,HD,Upland
ARM09,Male,9,Oryx (Oryx gazella),Unidentified,Adult,Ungulate,33.64535,-106.91363,CD,Upland
ARM09,Male,9,Oryx (Oryx gazella),Unidentified,Adult,Ungulate,33.65091,-106.91245,CD,Upland
ARM09,Male,9,Oryx (Oryx gazella),Unidentified,Adult,Ungulate,33.62471,-106.90908,CD,Upland
ARM09,Male,9,Oryx (Oryx gazella),Male,Adult,Ungulate,33.73773,-106.90033,CD,Upland
ARM09,Male,9,Oryx (Oryx gazella),Unidentified,Adult,Ungulate,33.64139,-106.88903,CD,Upland
ARM09,Male,9,Oryx (Oryx gazella),Unidentified,Adult,Ungulate,33.63105,-106.88891,CD,Upland
ARM09,Male,9,Oryx (Oryx gazella),Unidentified,Adult,Ungulate,33.75091,-106.84352,CD,Upland
ARM09,Male,9,Oryx (Oryx gazella),Unidentified,Adult,Ungulate,33.36397,-106.73914,HW,Upland
ARM09,Male,9,Oryx (Oryx gazella),Unidentified,Adult,Ungulate,33.36137,-106.73875,HW,Upland
ARM09,Male,9,Oryx (Oryx gazella),Unidentified,Adult,Ungulate,33.44809,-106.73536,HW,Upland
ARM09,Male,9,Oryx (Oryx gazella),Unidentified,Adult,Ungulate,33.4319,-106.73219,HW,Upland
ARM09,Male,8,Oryx (Oryx gazella),Unidentified,Adult,Ungulate,33.34938,-106.71694,HD,Upland
ARM09,Male,8,Oryx (Oryx gazella),Unidentified,Adult,Ungulate,33.35232,-106.7154,HD,Upland
ARM09,Male,8,Oryx (Oryx gazella),Unidentified,Adult,Ungulate,33.35067,-106.71329,HD,Upland
ARM09,Male,9,Oryx (Oryx gazella),Unidentified,Adult,Ungulate,33.32294,-106.70841,HW,Upland
ARM09,Male,9,Oryx (Oryx gazella),Unidentified,Adult,Ungulate,33.31683,-106.70359,CD,Upland
ARM09,Male,9,Oryx (Oryx gazella),Unidentified,Adult,Ungulate,33.32315,-106.70289,HD,Upland
ARM09,Male,8,Oryx (Oryx gazella),Unidentified,Adult,Ungulate,33.36853,-106.67577,HD,Upland
ARM09,Male,9,Oryx (Oryx gazella),Unidentified,Adult,Ungulate,33.4448,-106.66844,HD,Upland
ARM09,Male,9,Oryx (Oryx gazella),Unidentified,Adult,Ungulate,33.39958,-106.64841,HW,Upland
ARM09,Male,9,Oryx (Oryx gazella),Unidentified,Adult,Ungulate,33.32604,-106.6351,CD,Upland
ARM09,Male,9,Oryx (Oryx gazella),Unidentified,Adult,Ungulate,33.43728,-106.61438,HD,Upland
ARM09,Male,8,Oryx (Oryx gazella),Male,Adult,Ungulate,33.46731,-106.57726,HD,Upland
ARM09,Male,9,Oryx (Oryx gazella),Unidentified,Adult,Ungulate,33.39775,-106.55255,CD,Upland
ARM09,Male,9,Oryx (Oryx gazella),Unidentified,Adult,Ungulate,33.48563,-106.52287,HW,Upland
ARM09,Male,9,Oryx (Oryx gazella),Unidentified,Adult,Ungulate,33.44894,-106.51805,CD,Upland
ARM09,Male,9,Oryx (Oryx gazella),Unidentified,Adult,Ungulate,33.45551,-106.49628,CD,Upland
ARF01,Female,5,Oryx (Oryx gazella),Unidentified,"Lamb, Fawn, Calf, Neonate, Juvenile",Ungulate,33.597,-107.01224,CD,Riparian
ARM07,Male,5,Oryx (Oryx gazella),Unidentified,Sub-adult,Ungulate,33.33443,-107.11074,CD,Riparian
ARF03,Female,5,Oryx (Oryx gazella),Unidentified,Sub-adult,Ungulate,33.51216,-106.85031,CD,Upland
ARF03,Female,5,Oryx (Oryx gazella),Male,Sub-adult,Ungulate,33.49377,-106.84617,CD,Upland
ARM01,Male,6,Oryx (Oryx gazella),Unidentified,Yearling,Ungulate,33.51565,-107.06718,HD,Mixed
ARF03,Female,4,Oryx (Oryx gazella),Unidentified,Yearling,Ungulate,33.6221,-106.88864,CD,Upland
ARM07,Male,5,Porcupine (Erethizon dorsatum),Unidentified,Adult,Small Mammal,33.34021,-107.21884,CD,Riparian
ARM07,Male,5,Porcupine (Erethizon dorsatum),Unidentified,Adult,Small Mammal,33.76854,-106.96246,HW,Riparian
ARF03,Female,4,Pronghorn (Antilocapra americana),Male,Adult,Ungulate,33.54694,-106.86935,HW,Upland
SEVF03,Female,3,Pronghorn (Antilocapra americana),Male,Adult,Ungulate,34.20697,-106.80245,HW,Upland
SEVF03,Female,4,Pronghorn (Antilocapra americana),Unidentified,Adult,Ungulate,34.23418,-106.79846,CD,Upland
SEVF03,Female,3,Pronghorn (Antilocapra americana),Male,Adult,Ungulate,34.20955,-106.78849,HW,Upland
SEVF03,Female,3,Pronghorn (Antilocapra americana),Male,Adult,Ungulate,34.29654,-106.77764,HW,Upland
SEVF03,Female,3,Pronghorn (Antilocapra americana),Male,Adult,Ungulate,34.34563,-106.75619,HW,Upland
SEVF03,Female,3,Pronghorn (Antilocapra americana),Unidentified,Adult,Ungulate,34.332,-106.71222,HW,Upland
SEVF03,Female,3,Pronghorn (Antilocapra americana),Male,Adult,Ungulate,34.29849,-106.66467,HW,Upland
SEVF04,Female,6,Pronghorn (Antilocapra americana),Unidentified,Adult,Ungulate,34.24159,-106.6612,HW,Upland
SEVF04,Female,6,Pronghorn (Antilocapra americana),Female,Adult,Ungulate,34.3253,-106.62392,HD,Upland
SEVF04,Female,6,Pronghorn (Antilocapra americana),Male,Adult,Ungulate,34.3242,-106.62334,HD,Upland
SEVF04,Female,5,Pronghorn (Antilocapra americana),Male,Adult,Ungulate,34.36208,-106.60124,HW,Upland
SEVF04,Female,5,Pronghorn (Antilocapra americana),Unidentified,Adult,Ungulate,34.41084,-106.5561,CD,Upland
ARF03,Female,5,Pronghorn (Antilocapra americana),Male,Sub-adult,Ungulate,33.61126,-106.92997,CD,Upland
ARF03,Female,5,Pronghorn (Antilocapra americana),Female,Sub-adult,Ungulate,33.57959,-106.89986,CD,Upland
SEVF03,Female,4,Pronghorn (Antilocapra americana),Unidentified,Sub-adult,Ungulate,34.22863,-106.68553,HD,Upland
ARF03,Female,5,Pronghorn (Antilocapra americana),Unidentified,Unidentified,Ungulate,33.4696,-106.86302,CD,Upland
SEVF03,Female,4,Pronghorn (Antilocapra americana),Unidentified,Unidentified,Ungulate,34.24377,-106.81233,HW,Upland
ARF03,Female,5,Pronghorn (Antilocapra americana),Unidentified,Unidentified,Ungulate,33.73444,-106.80211,HD,Upland
SEVF03,Female,4,Pronghorn (Antilocapra americana),Unidentified,Unidentified,Ungulate,34.27562,-106.65441,HW,Upland
SEVF04,Female,5,Pronghorn (Antilocapra americana),Unidentified,Unidentified,Ungulate,34.25816,-106.61918,HW,Upland
ARM04,Male,4,Raccoon (Proycon lotor),Unidentified,Adult,Small Mammal,33.15451,-107.22858,CD,Mixed
ARM04,Male,4,Raccoon (Proycon lotor),Unidentified,Adult,Small Mammal,33.15691,-107.22678,CD,Mixed
ARM04,Male,4,Raccoon (Proycon lotor),Unidentified,Adult,Small Mammal,33.16439,-107.22466,CD,Mixed
ARF02,Female,2,Raccoon (Proycon lotor),Unidentified,Adult,Small Mammal,33.46068,-107.15764,HW,Riparian
ARF02,Female,2,Raccoon (Proycon lotor),Unidentified,Adult,Small Mammal,33.48965,-107.12448,CD,Riparian
ARM05,Male,1,Raccoon (Proycon lotor),Unidentified,Adult,Small Mammal,33.51654,-107.11115,HW,Riparian
ARM05,Male,1,Raccoon (Proycon lotor),Unidentified,Adult,Small Mammal,33.54412,-107.10558,CD,Riparian
ARM05,Male,1,Raccoon (Proycon lotor),Unidentified,Adult,Small Mammal,33.54286,-107.10546,CD,Riparian
ARM05,Male,2,Raccoon (Proycon lotor),Unidentified,Adult,Small Mammal,33.55859,-107.09218,CD,Riparian
ARF05,Female,2,Raccoon (Proycon lotor),Unidentified,Adult,Small Mammal,33.57503,-107.08315,CD,Riparian
ARM05,Male,2,Raccoon (Proycon lotor),Male,Adult,Small Mammal,33.57586,-107.06499,CD,Riparian
ARM05,Male,2,Raccoon (Proycon lotor),Male,Adult,Small Mammal,33.57585,-107.06498,CD,Riparian
ARF05,Female,2,Raccoon (Proycon lotor),Unidentified,Adult,Small Mammal,33.58709,-107.0632,CD,Riparian
ARM05,Male,1,Raccoon (Proycon lotor),Unidentified,Adult,Small Mammal,33.59204,-107.06161,HW,Riparian
ARM07,Male,5,Raccoon (Proycon lotor),Unidentified,Adult,Small Mammal,33.58823,-107.05741,CD,Riparian
ARM05,Male,1,Raccoon (Proycon lotor),Unidentified,Adult,Small Mammal,33.58842,-107.05563,CD,Riparian
ARM05,Male,1,Raccoon (Proycon lotor),Unidentified,Adult,Small Mammal,33.58887,-107.0556,CD,Riparian
ARM07,Male,5,Raccoon (Proycon lotor),Unidentified,Adult,Small Mammal,33.60221,-107.02898,CD,Riparian
ARF05,Female,2,Raccoon (Proycon lotor),Unidentified,Adult,Small Mammal,33.67112,-107.01285,CD,Riparian
ARF01,Female,5,Raccoon (Proycon lotor),Unidentified,Adult,Small Mammal,33.62157,-107.00887,HW,Riparian
ARM05,Male,1,Raccoon (Proycon lotor),Female,Adult,Small Mammal,33.47633,-107.13417,HW,Riparian
ARM05,Male,1,Raccoon (Proycon lotor),Unidentified,"Lamb, Fawn, Calf, Neonate, Juvenile",Small Mammal,33.57263,-107.08394,HW,Riparian
ARM05,Male,1,Raccoon (Proycon lotor),Unidentified,Sub-adult,Small Mammal,33.47633,-107.13417,HW,Riparian
ARF05,Female,1,Raccoon (Proycon lotor),Unidentified,Sub-adult,Small Mammal,33.47869,-107.128804,CD,Riparian
ARF05,Female,1,Raccoon (Proycon lotor),Unidentified,Sub-adult,Small Mammal,33.58553,-107.06683,CD,Riparian
ARM07,Male,5,Raccoon (Proycon lotor),Unidentified,Sub-adult,Small Mammal,33.59165,-107.06354,CD,Riparian
ARF05,Female,1,Raccoon (Proycon lotor),Unidentified,Sub-adult,Small Mammal,33.60617,-107.04876,HW,Riparian
ARF05,Female,1,Raccoon (Proycon lotor),Unidentified,Sub-adult,Small Mammal,33.68403,-106.96067,HD,Riparian
ARF05,Female,1,Raccoon (Proycon lotor),Unidentified,Sub-adult,Small Mammal,33.766674,-106.90631,CD,Riparian
ARM05,Male,1,Raccoon (Proycon lotor),Unidentified,Sub-adult,Small Mammal,33.92907,-106.85121,HW,Riparian
ARM05,Male,2,Raccoon (Proycon lotor),Unidentified,Unidentified,Small Mammal,33.32043,-107.1702,CD,Riparian
ARM05,Male,1,Raccoon (Proycon lotor),Unidentified,Unidentified,Small Mammal,33.51769,-107.11035,CD,Riparian
ARF05,Female,1,Raccoon (Proycon lotor),Male,Unidentified,Small Mammal,33.58024,-107.08353,CD,Riparian
ARM05,Male,1,Raccoon (Proycon lotor),Unidentified,Unidentified,Small Mammal,33.57017,-107.07961,HD,Riparian
ARF01,Female,5,Raccoon (Proycon lotor),Unidentified,Unidentified,Small Mammal,33.54165,-107.06879,CD,Riparian
ARF05,Female,1,Raccoon (Proycon lotor),Unidentified,Unidentified,Small Mammal,33.58451,-107.06754,HW,Riparian
ARF01,Female,4,Raccoon (Proycon lotor),Unidentified,Unidentified,Small Mammal,33.58796,-107.05045,CD,Riparian
ARF05,Female,1,Raccoon (Proycon lotor),Unidentified,Unidentified,Small Mammal,33.606,-107.03546,CD,Riparian
ARF05,Female,1,Raccoon (Proycon lotor),Unidentified,Unidentified,Small Mammal,33.60369,-107.02764,CD,Riparian
ARF05,Female,1,Raccoon (Proycon lotor),Unidentified,Unidentified,Small Mammal,33.60369,-107.02764,CD,Riparian
ARF01,Female,5,Raccoon (Proycon lotor),Unidentified,Unidentified,Small Mammal,33.62234,-107.01694,HW,Riparian
ARF01,Female,5,Raccoon (Proycon lotor),Unidentified,Unidentified,Small Mammal,33.6167,-107.00496,CD,Riparian
ARF01,Female,5,Raccoon (Proycon lotor),Unidentified,Unidentified,Small Mammal,33.61667,-107.00491,CD,Riparian
ARF05,Female,1,Raccoon (Proycon lotor),Unidentified,Unidentified,Small Mammal,33.65193,-106.99557,HD,Riparian
ARF05,Female,1,Raccoon (Proycon lotor),Unidentified,Unidentified,Small Mammal,33.64043,-106.99369,CD,Riparian
ARF01,Female,6,Raccoon (Proycon lotor),Unidentified,Unidentified,Small Mammal,33.70991,-106.93629,CD,Riparian
ARF05,Female,1,Raccoon (Proycon lotor),Unidentified,Unidentified,Small Mammal,33.71496,-106.92127,HW,Riparian
ARF01,Female,6,Raccoon (Proycon lotor),Unidentified,Unidentified,Small Mammal,33.76209,-106.90659,CD,Riparian
ARF01,Female,5,Raccoon (Proycon lotor),Unidentified,Unidentified,Small Mammal,33.76206,-106.90658,CD,Riparian
ARF05,Female,1,Raccoon (Proycon lotor),Unidentified,Unidentified,Small Mammal,33.8403,-106.84619,CD,Riparian
SEVF02,Female,3,Raccoon (Proycon lotor),Unidentified,Unidentified,Small Mammal,33.88838,-106.8432,HW,Riparian
ARF05,Female,2,Red-tailed Hawk (Buteo jamaicensis),Unidentified,Adult,Avian,33.67172,-107.00699,CD,Riparian
ARM04,Male,4,Ring Tail (Bassariscus astutus),Unidentified,Unidentified,Small Mammal,33.31703,-107.17569,CD,Mixed
ARF05,Female,1,Rio Grande Turkey (Meleagris gallopavo intermedia),Unidentified,Adult,Avian,33.51352,-107.11578,HW,Riparian
ARM05,Male,1,Rio Grande Turkey (Meleagris gallopavo intermedia),Unidentified,Adult,Avian,33.5416,-107.07958,HW,Riparian
ARM05,Male,1,Rio Grande Turkey (Meleagris gallopavo intermedia),Male,Adult,Avian,33.77921,-106.89363,HD,Riparian
ARM05,Male,1,Rio Grande Turkey (Meleagris gallopavo intermedia),Male,Sub-adult,Avian,33.541,-107.0686,HW,Riparian
ARM05,Male,1,Rio Grande Turkey (Meleagris gallopavo intermedia),Unidentified,Unidentified,Avian,33.47823,-107.12965,HW,Riparian
ARM05,Male,1,Rio Grande Turkey (Meleagris gallopavo intermedia),Unidentified,Unidentified,Avian,33.78631,-106.88436,HD,Riparian
ARF02,Female,2,Spiny Softshell Turtle (Apalone spinifera),Unidentified,Adult,Aquatic,33.43616,-107.15829,HW,Riparian
ARF02,Female,2,Spiny Softshell Turtle (Apalone spinifera),Unidentified,Adult,Aquatic,33.46389,-107.15662,HW,Riparian
ARF02,Female,2,Spiny Softshell Turtle (Apalone spinifera),Unidentified,Adult,Aquatic,33.46389,-107.15662,HW,Riparian
ARF02,Female,2,Spiny Softshell Turtle (Apalone spinifera),Unidentified,Adult,Aquatic,33.43894,-107.15513,HW,Riparian
ARF02,Female,2,Spiny Softshell Turtle (Apalone spinifera),Unidentified,Unidentified,Aquatic,33.43897,-107.15513,HW,Riparian
ARF02,Female,2,Spiny Softshell Turtle (Apalone spinifera),Unidentified,Unidentified,Aquatic,33.43897,-107.15513,HW,Riparian
ARF02,Female,2,Spiny Softshell Turtle (Apalone spinifera),Unidentified,Unidentified,Aquatic,33.43897,-107.15513,HW,Riparian
ARF02,Female,2,Spiny Softshell Turtle (Apalone spinifera),Unidentified,Unidentified,Aquatic,33.43897,-107.15513,HW,Riparian
ARF02,Female,2,Spiny Softshell Turtle (Apalone spinifera),Unidentified,Unidentified,Aquatic,33.43897,-107.15513,HW,Riparian
ARF02,Female,2,Spiny Softshell Turtle (Apalone spinifera),Unidentified,Unidentified,Aquatic,33.439,-107.15504,HW,Riparian
ARF02,Female,2,Spiny Softshell Turtle (Apalone spinifera),Unidentified,Unidentified,Aquatic,33.439,-107.15504,HW,Riparian
ARF02,Female,2,Spiny Softshell Turtle (Apalone spinifera),Unidentified,Unidentified,Aquatic,33.43906,-107.15496,HW,Riparian
ARF02,Female,2,Spiny Softshell Turtle (Apalone spinifera),Unidentified,Unidentified,Aquatic,33.43906,-107.15496,HW,Riparian
ARF02,Female,2,Spiny Softshell Turtle (Apalone spinifera),Unidentified,Unidentified,Aquatic,33.43906,-107.15496,HW,Riparian
ARF02,Female,2,Spiny Softshell Turtle (Apalone spinifera),Unidentified,Unidentified,Aquatic,33.43999,-107.15401,HW,Riparian
ARF05,Female,1,Spiny Softshell Turtle (Apalone spinifera),Unidentified,Unidentified,Aquatic,33.68374,-106.97475,CD,Riparian
ARF05,Female,1,Spotted Skunk (Spilogale gracilis),Unidentified,Unidentified,Small Mammal,33.35809,-107.17155,HD,Riparian
ARF05,Female,2,Spotted Skunk (Spilogale gracilis),Unidentified,Unidentified,Small Mammal,33.5702,-107.06989,CD,Riparian
ARF05,Female,2,Striped Skunk (Mephitis mephitis),Male,Adult,Small Mammal,33.40396,-107.17101,CD,Riparian
ARF05,Female,1,Striped Skunk (Mephitis mephitis),Unidentified,Adult,Small Mammal,33.443272,-107.156264,CD,Riparian
ARM04,Male,4,Striped Skunk (Mephitis mephitis),Unidentified,Unidentified,Small Mammal,33.37235,-107.17157,CD,Mixed
ARM04,Male,4,Striped Skunk (Mephitis mephitis),Unidentified,Unidentified,Small Mammal,33.32367,-107.16986,CD,Mixed
ARF05,Female,1,Striped Skunk (Mephitis mephitis),Unidentified,Unidentified,Small Mammal,33.43309,-107.16013,HD,Riparian
ARF05,Female,1,Striped Skunk (Mephitis mephitis),Unidentified,Unidentified,Small Mammal,33.50917,-107.11704,HD,Riparian
ARM05,Male,1,Striped Skunk (Mephitis mephitis),Unidentified,Unidentified,Small Mammal,33.55632,-107.08448,CD,Riparian
ARF05,Female,2,Striped Skunk (Mephitis mephitis),Unidentified,Unidentified,Small Mammal,33.57022,-107.06985,CD,Riparian
ARF05,Female,1,Striped Skunk (Mephitis mephitis),Unidentified,Unidentified,Small Mammal,33.57174,-107.066562,HW,Riparian
ARM07,Male,5,Striped Skunk (Mephitis mephitis),Unidentified,Unidentified,Small Mammal,33.60193,-107.03122,CD,Riparian
ARF02,Female,2,Waterfowl,Unidentified,Adult,Aquatic,33.43616,-107.15829,HW,Riparian
ARM05,Male,1,Waterfowl,Unidentified,Adult,Aquatic,33.58887,-107.0556,CD,Riparian
ARM05,Male,1,Waterfowl,Unidentified,Adult,Aquatic,33.58887,-107.0556,CD,Riparian
ARM05,Male,1,Waterfowl,Unidentified,Adult,Aquatic,33.58887,-107.0556,CD,Riparian
ARF01,Female,4,Waterfowl,Unidentified,Adult,Aquatic,33.593661,-107.047043,CD,Riparian
ARM05,Male,2,Waterfowl,Unidentified,Unidentified,Aquatic,33.33349,-107.19039,CD,Riparian
ARF02,Female,2,Waterfowl,Unidentified,Unidentified,Aquatic,33.31568,-107.18087,CD,Riparian
ARF02,Female,2,Waterfowl,Unidentified,Unidentified,Aquatic,33.31568,-107.18087,CD,Riparian
ARF02,Female,2,Waterfowl,Unidentified,Unidentified,Aquatic,33.31591,-107.17969,CD,Riparian
ARM07,Male,5,Waterfowl,Unidentified,Unidentified,Aquatic,33.30928,-107.17648,CD,Riparian
ARF02,Female,2,Waterfowl,Unidentified,Unidentified,Aquatic,33.43886,-107.15524,HW,Riparian
ARF02,Female,2,Waterfowl,Unidentified,Unidentified,Aquatic,33.43897,-107.15513,HW,Riparian
ARF02,Female,2,Waterfowl,Unidentified,Unidentified,Aquatic,33.43897,-107.15513,HW,Riparian
ARF02,Female,2,Waterfowl,Unidentified,Unidentified,Aquatic,33.43911,-107.15506,HW,Riparian
ARF02,Female,2,Waterfowl,Unidentified,Unidentified,Aquatic,33.439,-107.15504,HW,Riparian
ARM07,Male,5,Waterfowl,Unidentified,Unidentified,Aquatic,33.47112,-107.14923,HD,Riparian
ARF02,Female,2,Waterfowl,Unidentified,Unidentified,Aquatic,33.48381,-107.12325,HW,Riparian
ARM05,Male,1,Waterfowl,Unidentified,Unidentified,Aquatic,33.51743,-107.11171,CD,Riparian
ARM05,Male,1,Waterfowl,Unidentified,Unidentified,Aquatic,33.5882,-107.05737,HD,Riparian
ARM05,Male,1,Waterfowl,Unidentified,Unidentified,Aquatic,33.58803,-107.05737,HD,Riparian
ARF05,Female,1,Waterfowl,Unidentified,Unidentified,Aquatic,33.58821,-107.05674,CD,Riparian